Messungen Bohrung 12H7;;;;;
Bezeichnung:;;;;;
0101;> Ebene 1 Bohrung 1;;;;
0102;> Ebene 1 Bohrung 2;;;;
0201;> Ebene 2 Bohrung 1;;;;
;;;;;
;;;;;
Bezeichnung Bohrung;Messwert Innenmessschraube;Messwert Messtaster;Klassifizierung nach Messchraube;Klassifizierung nach Messtaster;Klassifizierung nach Grenzlehrdorn
0101;12,016;12,019;i.O.;n.i.O.;i.O.
0102;12,016;12,018;i.O.;i.O.;i.O.
0103;12,016;12,015;i.O.;i.O.;i.O.
0104;12,016;12,015;i.O.;i.O.;i.O.
0105;12,016;12,015;i.O.;i.O.;i.O.
0106;12,016;12,016;i.O.;i.O.;i.O.
0107;12,016;12,016;i.O.;i.O.;i.O.
0108;12,016;12,017;i.O.;i.O.;i.O.
0109;12,015;12,016;i.O.;i.O.;i.O.
0110;12,015;12,019;i.O.;n.i.O.;i.O.
0111;12,015;12,019;i.O.;n.i.O.;i.O.
0112;12,015;12,019;i.O.;n.i.O.;i.O.
0113;12,015;12,018;i.O.;i.O.;i.O.
0114;12,014;12,019;i.O.;n.i.O.;i.O.
0115;12,015;12,019;i.O.;n.i.O.;i.O.
0116;12,014;12,017;i.O.;i.O.;i.O.
0117;12,015;12,017;i.O.;i.O.;i.O.
0118;12,015;12,021;i.O.;n.i.O.;i.O.
0119;12,014;12,021;i.O.;n.i.O.;i.O.
0120;12,014;12,021;i.O.;n.i.O.;i.O.
0121;12,014;12,016;i.O.;i.O.;i.O.
0122;12,014;12,017;i.O.;i.O.;i.O.
0123;12,014;12,02;i.O.;n.i.O.;i.O.
0124;12,014;12,017;i.O.;i.O.;i.O.
0125;12,014;12,019;i.O.;n.i.O.;i.O.
0126;12,014;12,019;i.O.;n.i.O.;i.O.
0127;12,014;12,019;i.O.;n.i.O.;i.O.
0128;12,014;12,019;i.O.;n.i.O.;i.O.
0129;12,014;12,019;i.O.;n.i.O.;i.O.
0130;12,014;12,018;i.O.;i.O.;i.O.
0131;12,014;12,019;i.O.;n.i.O.;i.O.
0132;12,014;12,016;i.O.;i.O.;i.O.
0133;12,014;12,018;i.O.;i.O.;i.O.
0134;12,013;12,02;i.O.;n.i.O.;i.O.
0135;12,014;12,018;i.O.;i.O.;i.O.
0136;12,014;12,019;i.O.;n.i.O.;i.O.
0137;12,014;12,019;i.O.;n.i.O.;i.O.
0138;12,014;12,017;i.O.;i.O.;i.O.
0139;12,014;12,02;i.O.;n.i.O.;i.O.
0140;12,014;12,016;i.O.;i.O.;i.O.
0141;12,014;12,018;i.O.;i.O.;i.O.
0142;12,015;12,019;i.O.;n.i.O.;i.O.
0143;12,014;12,02;i.O.;n.i.O.;i.O.
0144;12,015;12,018;i.O.;i.O.;i.O.
0145;12,015;12,021;i.O.;n.i.O.;i.O.
0146;12,014;12,021;i.O.;n.i.O.;i.O.
0147;12,015;12,018;i.O.;i.O.;i.O.
0148;12,015;12,019;i.O.;n.i.O.;i.O.
0149;12,014;12,019;i.O.;n.i.O.;i.O.
0150;12,014;12,015;i.O.;i.O.;i.O.
0151;12,015;12,015;i.O.;i.O.;i.O.
0152;12,015;12,017;i.O.;i.O.;i.O.
0153;12,014;12,015;i.O.;i.O.;i.O.
0154;12,015;12,018;i.O.;i.O.;i.O.
0155;12,015;12,02;i.O.;n.i.O.;i.O.
0156;12,015;12,019;i.O.;n.i.O.;i.O.
0157;12,015;12,017;i.O.;i.O.;i.O.
0158;12,015;12,018;i.O.;i.O.;i.O.
0159;12,015;12,019;i.O.;n.i.O.;i.O.
0160;12,015;12,02;i.O.;n.i.O.;i.O.
0161;12,015;12,021;i.O.;n.i.O.;i.O.
0162;12,015;12,018;i.O.;i.O.;i.O.
0163;12,015;12,019;i.O.;n.i.O.;i.O.
0164;12,015;12,019;i.O.;n.i.O.;i.O.
0165;12,015;12,018;i.O.;i.O.;i.O.
0166;12,015;12,02;i.O.;n.i.O.;i.O.
0167;12,015;12,021;i.O.;n.i.O.;i.O.
0168;12,015;12,019;i.O.;n.i.O.;i.O.
0169;12,015;12,02;i.O.;n.i.O.;i.O.
0170;12,014;12,02;i.O.;n.i.O.;i.O.
0171;12,015;12,018;i.O.;i.O.;i.O.
0172;12,016;12,019;i.O.;n.i.O.;i.O.
0173;12,015;12,02;i.O.;n.i.O.;i.O.
0174;12,015;12,018;i.O.;i.O.;i.O.
0175;12,015;12,018;i.O.;i.O.;i.O.
0176;12,016;12,018;i.O.;i.O.;i.O.
0177;12,015;12,018;i.O.;i.O.;i.O.
0178;12,015;12,017;i.O.;i.O.;i.O.
0179;12,015;12,018;i.O.;i.O.;i.O.
0180;12,016;12,018;i.O.;i.O.;i.O.
0181;12,015;12,018;i.O.;i.O.;i.O.
0201;12,013;12,019;i.O.;n.i.O.;i.O.
0202;12,012;12,019;i.O.;n.i.O.;i.O.
0203;12,014;12,019;i.O.;n.i.O.;i.O.
0204;12,014;12,024;i.O.;n.i.O.;i.O.
0205;12,014;12,018;i.O.;i.O.;i.O.
0206;12,013;12,02;i.O.;n.i.O.;i.O.
0207;12,014;12,02;i.O.;n.i.O.;i.O.
0208;12,014;12,018;i.O.;i.O.;i.O.
0209;12,013;12,017;i.O.;i.O.;i.O.
0210;12,013;12,019;i.O.;n.i.O.;i.O.
0211;12,013;12,017;i.O.;i.O.;i.O.
0212;12,013;12,019;i.O.;n.i.O.;i.O.
0213;12,013;12,018;i.O.;i.O.;i.O.
0214;12,013;12,018;i.O.;i.O.;i.O.
0215;12,013;12,021;i.O.;n.i.O.;i.O.
0216;12,014;12,018;i.O.;i.O.;i.O.
0217;12,013;12,018;i.O.;i.O.;i.O.
0218;12,013;12,019;i.O.;n.i.O.;i.O.
0219;12,014;12,02;i.O.;n.i.O.;i.O.
0220;12,013;12,021;i.O.;n.i.O.;i.O.
0221;12,014;12,018;i.O.;i.O.;i.O.
0222;12,013;12,016;i.O.;i.O.;i.O.
0223;12,013;12,017;i.O.;i.O.;i.O.
0224;12,013;12,018;i.O.;i.O.;i.O.
0225;12,013;12,018;i.O.;i.O.;i.O.
0226;12,013;12,017;i.O.;i.O.;i.O.
0227;12,013;12,019;i.O.;n.i.O.;i.O.
0228;12,013;12,018;i.O.;i.O.;i.O.
0229;12,013;12,02;i.O.;n.i.O.;i.O.
0230;12,013;12,018;i.O.;i.O.;i.O.
0231;12,013;12,019;i.O.;n.i.O.;i.O.
0232;12,014;12,024;i.O.;n.i.O.;i.O.
0233;12,014;12,019;i.O.;n.i.O.;i.O.
0234;12,014;12,019;i.O.;n.i.O.;i.O.
0235;12,014;12,02;i.O.;n.i.O.;i.O.
0236;12,014;12,02;i.O.;n.i.O.;i.O.
0237;12,013;12,016;i.O.;i.O.;i.O.
0238;12,014;12,02;i.O.;n.i.O.;i.O.
0239;12,014;12,019;i.O.;n.i.O.;i.O.
0240;12,014;12,02;i.O.;n.i.O.;i.O.
0241;12,014;12,018;i.O.;i.O.;i.O.
0242;12,014;12,018;i.O.;i.O.;i.O.
0243;12,013;12,018;i.O.;i.O.;i.O.
0244;12,013;12,018;i.O.;i.O.;i.O.
0245;12,015;12,019;i.O.;n.i.O.;i.O.
0246;12,014;12,018;i.O.;i.O.;i.O.
0247;12,014;12,02;i.O.;n.i.O.;i.O.
0248;12,014;12,018;i.O.;i.O.;i.O.
0249;12,014;12,019;i.O.;n.i.O.;i.O.
0250;12,014;12,018;i.O.;i.O.;i.O.
0251;12,015;12,018;i.O.;i.O.;i.O.
0252;12,014;12,017;i.O.;i.O.;i.O.
0253;12,014;12,018;i.O.;i.O.;i.O.
0254;12,014;12,015;i.O.;i.O.;i.O.
0255;12,014;12,018;i.O.;i.O.;i.O.
0256;12,014;12,018;i.O.;i.O.;i.O.
0257;12,013;12,018;i.O.;i.O.;i.O.
0258;12,014;12,02;i.O.;n.i.O.;i.O.
0259;12,014;12,016;i.O.;i.O.;i.O.
0260;12,014;12,019;i.O.;n.i.O.;i.O.
0261;12,014;12,016;i.O.;i.O.;i.O.
0262;12,014;12,017;i.O.;i.O.;i.O.
0263;12,015;12,019;i.O.;n.i.O.;i.O.
0264;12,014;12,017;i.O.;i.O.;i.O.
0265;12,015;12,02;i.O.;n.i.O.;i.O.
0266;12,014;12,017;i.O.;i.O.;i.O.
0267;12,014;12,017;i.O.;i.O.;i.O.
0268;12,014;12,02;i.O.;n.i.O.;i.O.
0269;12,015;12,017;i.O.;i.O.;i.O.
0270;12,014;12,017;i.O.;i.O.;i.O.
0271;12,014;12,019;i.O.;n.i.O.;i.O.
0272;12,014;12,018;i.O.;i.O.;i.O.
0273;12,015;12,019;i.O.;n.i.O.;i.O.
0274;12,015;12,018;i.O.;i.O.;i.O.
0275;12,015;12,018;i.O.;i.O.;i.O.
0276;12,015;12,018;i.O.;i.O.;i.O.
0277;12,015;12,018;i.O.;i.O.;i.O.
0278;12,015;12,021;i.O.;n.i.O.;i.O.
0279;12,015;12,02;i.O.;n.i.O.;i.O.
0280;12,016;12,018;i.O.;i.O.;i.O.
0281;12,015;12,018;i.O.;i.O.;i.O.
0301;12,013;12,022;i.O.;n.i.O.;i.O.
0302;12,013;12,023;i.O.;n.i.O.;i.O.
0303;12,012;12,017;i.O.;i.O.;i.O.
0304;12,013;12,023;i.O.;n.i.O.;i.O.
0305;12,013;12,02;i.O.;n.i.O.;i.O.
0306;12,012;12,02;i.O.;n.i.O.;i.O.
0307;12,013;12,019;i.O.;n.i.O.;i.O.
0308;12,012;12,019;i.O.;n.i.O.;i.O.
0309;12,013;12,019;i.O.;n.i.O.;i.O.
0310;12,012;12,02;i.O.;n.i.O.;i.O.
0311;12,013;12,023;i.O.;n.i.O.;i.O.
0312;12,012;12,017;i.O.;i.O.;i.O.
0313;12,013;12,018;i.O.;i.O.;i.O.
0314;12,012;12,02;i.O.;n.i.O.;i.O.
0315;12,012;12,02;i.O.;n.i.O.;i.O.
0316;12,013;12,018;i.O.;i.O.;i.O.
0317;12,013;12,018;i.O.;i.O.;i.O.
0318;12,012;12,017;i.O.;i.O.;i.O.
0319;12,014;12,021;i.O.;n.i.O.;i.O.
0320;12,013;12,019;i.O.;n.i.O.;i.O.
0321;12,012;12,018;i.O.;i.O.;i.O.
0322;12,014;12,02;i.O.;n.i.O.;i.O.
0323;12,013;12,02;i.O.;n.i.O.;i.O.
0324;12,013;12,021;i.O.;n.i.O.;i.O.
0325;12,013;12,016;i.O.;i.O.;i.O.
0326;12,013;12,017;i.O.;i.O.;i.O.
0327;12,013;12,016;i.O.;i.O.;i.O.
0328;12,013;12,019;i.O.;n.i.O.;i.O.
0329;12,013;12,016;i.O.;i.O.;i.O.
0330;12,013;12,02;i.O.;n.i.O.;i.O.
0331;12,013;12,02;i.O.;n.i.O.;i.O.
0332;12,013;12,021;i.O.;n.i.O.;i.O.
0333;12,013;12,02;i.O.;n.i.O.;i.O.
0334;12,013;12,02;i.O.;n.i.O.;i.O.
0335;12,013;12,016;i.O.;i.O.;i.O.
0336;12,013;12,018;i.O.;i.O.;i.O.
0337;12,013;12,019;i.O.;n.i.O.;i.O.
0338;12,013;12,018;i.O.;i.O.;i.O.
0339;12,013;12,018;i.O.;i.O.;i.O.
0340;12,013;12,022;i.O.;n.i.O.;i.O.
0341;12,013;12,016;i.O.;i.O.;i.O.
0342;12,014;12,018;i.O.;i.O.;i.O.
0343;12,013;12,018;i.O.;i.O.;i.O.
0344;12,012;12,016;i.O.;i.O.;i.O.
0345;12,013;12,019;i.O.;n.i.O.;i.O.
0346;12,013;12,013;i.O.;i.O.;i.O.
0347;12,013;12,018;i.O.;i.O.;i.O.
0348;12,013;12,019;i.O.;n.i.O.;i.O.
0349;12,013;12,017;i.O.;i.O.;i.O.
0350;12,013;12,018;i.O.;i.O.;i.O.
0351;12,013;12,018;i.O.;i.O.;i.O.
0352;12,013;12,02;i.O.;n.i.O.;i.O.
0353;12,013;12,017;i.O.;i.O.;i.O.
0354;12,013;12,017;i.O.;i.O.;i.O.
0355;12,013;12,019;i.O.;n.i.O.;i.O.
0356;12,013;12,022;i.O.;n.i.O.;i.O.
0357;12,013;12,018;i.O.;i.O.;i.O.
0358;12,013;12,018;i.O.;i.O.;i.O.
0359;12,013;12,017;i.O.;i.O.;i.O.
0360;12,012;12,018;i.O.;i.O.;i.O.
0361;12,012;12,017;i.O.;i.O.;i.O.
0362;12,012;12,018;i.O.;i.O.;i.O.
0363;12,013;12,018;i.O.;i.O.;i.O.
0364;12,013;12,019;i.O.;n.i.O.;i.O.
0365;12,014;12,016;i.O.;i.O.;i.O.
0366;12,014;12,018;i.O.;i.O.;i.O.
0367;12,014;12,018;i.O.;i.O.;i.O.
0368;12,013;12,021;i.O.;n.i.O.;i.O.
0369;12,014;12,02;i.O.;n.i.O.;i.O.
0370;12,013;12,021;i.O.;n.i.O.;i.O.
0371;12,013;12,016;i.O.;i.O.;i.O.
0372;12,013;12,018;i.O.;i.O.;i.O.
0373;12,013;12,02;i.O.;n.i.O.;i.O.
0374;12,013;12,017;i.O.;i.O.;i.O.
0375;12,013;12,017;i.O.;i.O.;i.O.
0376;12,013;12,016;i.O.;i.O.;i.O.
0377;12,012;12,016;i.O.;i.O.;i.O.
0378;12,012;12,019;i.O.;n.i.O.;i.O.
0379;12,013;12,016;i.O.;i.O.;i.O.
0380;12,012;12,015;i.O.;i.O.;i.O.
0381;12,013;12,018;i.O.;i.O.;i.O.
0401;12,012;12,019;i.O.;n.i.O.;i.O.
0402;12,012;12,019;i.O.;n.i.O.;i.O.
0403;12,011;12,021;i.O.;n.i.O.;i.O.
0404;12,012;12,020;i.O.;n.i.O.;i.O.
0405;12,012;12,019;i.O.;n.i.O.;i.O.
0406;12,013;12,024;i.O.;n.i.O.;i.O.
0407;12,013;12,020;i.O.;n.i.O.;i.O.
0408;12,012;12,019;i.O.;n.i.O.;i.O.
0409;12,012;12,021;i.O.;n.i.O.;i.O.
0410;12,012;12,022;i.O.;n.i.O.;i.O.
0411;12,013;12,022;i.O.;n.i.O.;i.O.
0412;12,013;12,018;i.O.;i.O.;i.O.
0413;12,013;12,025;i.O.;n.i.O.;i.O.
0414;12,013;12,024;i.O.;n.i.O.;i.O.
0415;12,013;12,019;i.O.;n.i.O.;i.O.
0416;12,013;12,022;i.O.;n.i.O.;i.O.
0417;12,012;12,027;i.O.;n.i.O.;i.O.
0418;12,013;12,025;i.O.;n.i.O.;i.O.
0419;12,012;12,021;i.O.;n.i.O.;i.O.
0420;12,013;12,024;i.O.;n.i.O.;i.O.
0421;12,014;12,022;i.O.;n.i.O.;i.O.
0422;12,013;12,022;i.O.;n.i.O.;i.O.
0423;12,013;12,021;i.O.;n.i.O.;i.O.
0424;12,013;12,021;i.O.;n.i.O.;i.O.
0425;12,013;12,018;i.O.;i.O.;i.O.
0426;12,013;12,019;i.O.;n.i.O.;i.O.
0427;12,013;12,024;i.O.;n.i.O.;i.O.
0428;12,013;12,021;i.O.;n.i.O.;i.O.
0429;12,014;12,028;i.O.;n.i.O.;i.O.
0430;12,013;12,021;i.O.;n.i.O.;i.O.
0431;12,012;12,021;i.O.;n.i.O.;i.O.
0432;12,013;12,024;i.O.;n.i.O.;i.O.
0433;12,013;12,020;i.O.;n.i.O.;i.O.
0434;12,014;12,022;i.O.;n.i.O.;i.O.
0435;12,013;12,022;i.O.;n.i.O.;i.O.
0436;12,014;12,021;i.O.;n.i.O.;i.O.
0437;12,013;12,020;i.O.;n.i.O.;i.O.
0438;12,013;12,021;i.O.;n.i.O.;i.O.
0439;12,013;12,021;i.O.;n.i.O.;i.O.
0440;12,013;12,021;i.O.;n.i.O.;i.O.
0441;12,014;12,020;i.O.;n.i.O.;i.O.
0442;12,012;12,026;i.O.;n.i.O.;i.O.
0443;12,013;12,019;i.O.;n.i.O.;i.O.
0444;12,014;12,019;i.O.;n.i.O.;i.O.
0445;12,014;12,019;i.O.;n.i.O.;i.O.
0446;12,012;12,021;i.O.;n.i.O.;i.O.
0447;12,014;12,020;i.O.;n.i.O.;i.O.
0448;12,013;12,017;i.O.;i.O.;i.O.
0449;12,014;12,022;i.O.;n.i.O.;i.O.
0450;12,014;12,019;i.O.;n.i.O.;i.O.
0451;12,013;12,023;i.O.;n.i.O.;i.O.
0452;12,013;12,019;i.O.;n.i.O.;i.O.
0453;12,013;12,015;i.O.;i.O.;i.O.
0454;12,013;12,017;i.O.;i.O.;i.O.
0455;12,014;12,022;i.O.;n.i.O.;i.O.
0456;12,012;12,018;i.O.;i.O.;i.O.
0457;12,013;12,023;i.O.;n.i.O.;i.O.
0458;12,014;12,020;i.O.;n.i.O.;i.O.
0459;12,012;12,019;i.O.;n.i.O.;i.O.
0460;12,012;12,019;i.O.;n.i.O.;i.O.
0461;12,013;12,022;i.O.;n.i.O.;i.O.
0462;12,014;12,021;i.O.;n.i.O.;i.O.
0463;12,014;12,020;i.O.;n.i.O.;i.O.
0464;12,014;12,023;i.O.;n.i.O.;i.O.
0465;12,014;12,021;i.O.;n.i.O.;i.O.
0466;12,013;12,019;i.O.;n.i.O.;i.O.
0467;12,013;12,021;i.O.;n.i.O.;i.O.
0468;12,014;12,022;i.O.;n.i.O.;i.O.
0469;12,014;12,020;i.O.;n.i.O.;i.O.
0470;12,013;12,023;i.O.;n.i.O.;i.O.
0471;12,013;12,018;i.O.;i.O.;i.O.
0472;12,013;12,019;i.O.;n.i.O.;i.O.
0473;12,013;12,022;i.O.;n.i.O.;i.O.
0474;12,013;12,020;i.O.;n.i.O.;i.O.
0475;12,014;12,018;i.O.;i.O.;i.O.
0476;12,013;12,020;i.O.;n.i.O.;i.O.
0477;12,013;12,019;i.O.;n.i.O.;i.O.
0478;12,013;12,019;i.O.;n.i.O.;i.O.
0479;12,012;12,016;i.O.;i.O.;i.O.
0480;12,012;12,018;i.O.;i.O.;i.O.
0481;12,014;12,022;i.O.;n.i.O.;i.O.
0501;12,014;12,023;i.O.;n.i.O.;i.O.
0502;12,014;12,022;i.O.;n.i.O.;i.O.
0503;12,013;12,019;i.O.;n.i.O.;i.O.
0504;12,013;12,021;i.O.;n.i.O.;i.O.
0505;12,013;12,019;i.O.;n.i.O.;i.O.
0506;12,013;12,02;i.O.;n.i.O.;i.O.
0507;12,013;12,02;i.O.;n.i.O.;i.O.
0508;12,012;12,022;i.O.;n.i.O.;i.O.
0509;12,013;12,017;i.O.;i.O.;i.O.
0510;12,012;12,019;i.O.;n.i.O.;i.O.
0511;12,011;12,017;i.O.;i.O.;i.O.
0512;12,013;12,019;i.O.;n.i.O.;i.O.
0513;12,012;12,019;i.O.;n.i.O.;i.O.
0514;12,013;12,023;i.O.;n.i.O.;i.O.
0515;12,011;12,017;i.O.;i.O.;i.O.
0516;12,012;12,019;i.O.;n.i.O.;i.O.
0517;12,011;12,02;i.O.;n.i.O.;i.O.
0518;12,011;12,02;i.O.;n.i.O.;i.O.
0519;12,011;12,019;i.O.;n.i.O.;i.O.
0520;12,011;12,019;i.O.;n.i.O.;i.O.
0521;12,01;12,017;i.O.;i.O.;i.O.
0522;12,01;12,023;i.O.;n.i.O.;i.O.
0523;12,01;12,018;i.O.;i.O.;i.O.
0524;12,012;12,022;i.O.;n.i.O.;i.O.
0525;12,011;12,019;i.O.;n.i.O.;i.O.
0526;12,011;12,02;i.O.;n.i.O.;i.O.
0527;12,013;12,02;i.O.;n.i.O.;i.O.
0528;12,011;12,021;i.O.;n.i.O.;i.O.
0529;12,011;12,018;i.O.;i.O.;i.O.
0530;12,011;12,013;i.O.;i.O.;i.O.
0531;12,012;12,021;i.O.;n.i.O.;i.O.
0532;12,012;12,021;i.O.;n.i.O.;i.O.
0533;12,011;12,017;i.O.;i.O.;i.O.
0534;12,011;12,017;i.O.;i.O.;i.O.
0535;12,011;12,017;i.O.;i.O.;i.O.
0536;12,01;12,02;i.O.;n.i.O.;i.O.
0537;12,012;12,019;i.O.;n.i.O.;i.O.
0538;12,011;12,018;i.O.;i.O.;i.O.
0539;12,011;12,017;i.O.;i.O.;i.O.
0540;12,012;12,019;i.O.;n.i.O.;i.O.
0541;12,012;12,019;i.O.;n.i.O.;i.O.
0542;12,012;12,023;i.O.;n.i.O.;i.O.
0543;12,011;12,017;i.O.;i.O.;i.O.
0544;12,011;12,015;i.O.;i.O.;i.O.
0545;12,012;12,019;i.O.;n.i.O.;i.O.
0546;12,013;12,02;i.O.;n.i.O.;i.O.
0547;12,013;12,021;i.O.;n.i.O.;i.O.
0548;12,012;12,02;i.O.;n.i.O.;i.O.
0549;12,012;12,017;i.O.;i.O.;i.O.
0550;12,012;12,018;i.O.;i.O.;i.O.
0551;12,012;12,018;i.O.;i.O.;i.O.
0552;12,012;12,024;i.O.;n.i.O.;i.O.
0553;12,01;12,019;i.O.;n.i.O.;i.O.
0554;12,011;12,021;i.O.;n.i.O.;i.O.
0555;12,012;12,018;i.O.;i.O.;i.O.
0556;12,012;12,018;i.O.;i.O.;i.O.
0557;12,011;12,018;i.O.;i.O.;i.O.
0558;12,013;12,02;i.O.;n.i.O.;i.O.
0559;12,012;12,019;i.O.;n.i.O.;i.O.
0560;12,011;12,017;i.O.;i.O.;i.O.
0561;12,011;12,018;i.O.;i.O.;i.O.
0562;12,012;12,02;i.O.;n.i.O.;i.O.
0563;12,012;12,02;i.O.;n.i.O.;i.O.
0564;12,013;12,023;i.O.;n.i.O.;i.O.
0565;12,014;12,02;i.O.;n.i.O.;i.O.
0566;12,013;12,022;i.O.;n.i.O.;i.O.
0567;12,013;12,02;i.O.;n.i.O.;i.O.
0568;12,012;12,021;i.O.;n.i.O.;i.O.
0569;12,012;12,02;i.O.;n.i.O.;i.O.
0570;12,012;12,02;i.O.;n.i.O.;i.O.
0571;12,012;12,025;i.O.;n.i.O.;i.O.
0572;12,012;12,022;i.O.;n.i.O.;i.O.
0573;12,014;12,018;i.O.;i.O.;i.O.
0574;12,014;12,021;i.O.;n.i.O.;i.O.
0575;12,012;12,017;i.O.;i.O.;i.O.
0576;12,013;12,02;i.O.;n.i.O.;i.O.
0577;12,012;12,018;i.O.;i.O.;i.O.
0578;12,014;12,019;i.O.;n.i.O.;i.O.
0579;12,013;12,019;i.O.;n.i.O.;i.O.
0580;12,014;12,022;i.O.;n.i.O.;i.O.
0581;12,012;12,021;i.O.;n.i.O.;i.O.
0601;12,012;12,021;i.O.;n.i.O.;i.O.
0602;12,013;12,022;i.O.;n.i.O.;i.O.
0603;12,013;12,02;i.O.;n.i.O.;i.O.
0604;12,011;12,017;i.O.;i.O.;i.O.
0605;12,013;12,021;i.O.;n.i.O.;i.O.
0606;12,012;12,019;i.O.;n.i.O.;i.O.
0607;12,012;12,022;i.O.;n.i.O.;i.O.
0608;12,012;12,018;i.O.;i.O.;i.O.
0609;12,014;12,023;i.O.;n.i.O.;i.O.
0610;12,012;12,022;i.O.;n.i.O.;i.O.
0611;12,012;12,022;i.O.;n.i.O.;i.O.
0612;12,013;12,022;i.O.;n.i.O.;i.O.
0613;12,013;12,017;i.O.;i.O.;i.O.
0614;12,011;12,018;i.O.;i.O.;i.O.
0615;12,011;12,021;i.O.;n.i.O.;i.O.
0616;12,012;12,021;i.O.;n.i.O.;i.O.
0617;12,012;12,021;i.O.;n.i.O.;i.O.
0618;12,012;12,018;i.O.;i.O.;i.O.
0619;12,012;12,019;i.O.;n.i.O.;i.O.
0620;12,012;12,022;i.O.;n.i.O.;i.O.
0621;12,012;12,02;i.O.;n.i.O.;i.O.
0622;12,012;12,022;i.O.;n.i.O.;i.O.
0623;12,013;12,021;i.O.;n.i.O.;i.O.
0624;12,012;12,024;i.O.;n.i.O.;i.O.
0625;12,011;12,023;i.O.;n.i.O.;i.O.
0626;12,011;12,021;i.O.;n.i.O.;i.O.
0627;12,012;12,022;i.O.;n.i.O.;i.O.
0628;12,012;12,026;i.O.;n.i.O.;i.O.
0629;12,011;12,02;i.O.;n.i.O.;i.O.
0630;12,011;12,021;i.O.;n.i.O.;i.O.
0631;12,011;12,017;i.O.;i.O.;i.O.
0632;12,01;12,02;i.O.;n.i.O.;i.O.
0633;12,011;12,017;i.O.;i.O.;i.O.
0634;12,01;12,019;i.O.;n.i.O.;i.O.
0635;12,011;12,02;i.O.;n.i.O.;i.O.
0636;12,012;12,018;i.O.;i.O.;i.O.
0637;12,012;12,023;i.O.;n.i.O.;i.O.
0638;12,011;12,02;i.O.;n.i.O.;i.O.
0639;12,013;12,022;i.O.;n.i.O.;i.O.
0640;12,013;12,02;i.O.;n.i.O.;i.O.
0641;12,012;12,02;i.O.;n.i.O.;i.O.
0642;12,012;12,021;i.O.;n.i.O.;i.O.
0643;12,011;12,02;i.O.;n.i.O.;i.O.
0644;12,012;12,019;i.O.;n.i.O.;i.O.
0645;12,012;12,019;i.O.;n.i.O.;i.O.
0646;12,011;12,021;i.O.;n.i.O.;i.O.
0647;12,011;12,018;i.O.;i.O.;i.O.
0648;12,011;12,021;i.O.;n.i.O.;i.O.
0649;12,012;12,02;i.O.;n.i.O.;i.O.
0650;12,012;12,02;i.O.;n.i.O.;i.O.
0651;12,011;12,019;i.O.;n.i.O.;i.O.
0652;12,011;12,021;i.O.;n.i.O.;i.O.
0653;12,011;12,018;i.O.;i.O.;i.O.
0654;12,01;12,021;i.O.;n.i.O.;i.O.
0655;12,011;12,02;i.O.;n.i.O.;i.O.
0656;12,01;12,023;i.O.;n.i.O.;i.O.
0657;12,01;12,017;i.O.;i.O.;i.O.
0658;12,01;12,017;i.O.;i.O.;i.O.
0659;12,011;12,018;i.O.;i.O.;i.O.
0660;12,01;12,017;i.O.;i.O.;i.O.
0661;12,01;12,02;i.O.;n.i.O.;i.O.
0662;12,01;12,015;i.O.;i.O.;i.O.
0663;12,011;12,023;i.O.;n.i.O.;i.O.
0664;12,011;12,019;i.O.;n.i.O.;i.O.
0665;12,012;12,023;i.O.;n.i.O.;i.O.
0666;12,01;12,019;i.O.;n.i.O.;i.O.
0667;12,011;12,021;i.O.;n.i.O.;i.O.
0668;12,01;12,016;i.O.;i.O.;i.O.
0669;12,01;12,021;i.O.;n.i.O.;i.O.
0670;12,011;12,022;i.O.;n.i.O.;i.O.
0671;12,01;12,021;i.O.;n.i.O.;i.O.
0672;12,01;12,018;i.O.;i.O.;i.O.
0673;12,011;12,019;i.O.;n.i.O.;i.O.
0674;12,012;12,016;i.O.;i.O.;i.O.
0675;12,012;12,019;i.O.;n.i.O.;i.O.
0676;12,012;12,019;i.O.;n.i.O.;i.O.
0677;12,011;12,018;i.O.;i.O.;i.O.
0678;12,011;12,023;i.O.;n.i.O.;i.O.
0679;12,011;12,018;i.O.;i.O.;i.O.
0680;12,011;12,019;i.O.;n.i.O.;i.O.
0681;12,013;12,019;i.O.;n.i.O.;i.O.
0701;12,012;12,022;i.O.;n.i.O.;i.O.
0702;12,011;12,02;i.O.;n.i.O.;i.O.
0703;12,011;12,019;i.O.;n.i.O.;i.O.
0704;12,011;12,019;i.O.;n.i.O.;i.O.
0705;12,01;12,02;i.O.;n.i.O.;i.O.
0706;12,011;12,019;i.O.;n.i.O.;i.O.
0707;12,01;12,027;i.O.;n.i.O.;i.O.
0708;12,012;12,023;i.O.;n.i.O.;i.O.
0709;12,011;12,021;i.O.;n.i.O.;i.O.
0710;12,011;12,02;i.O.;n.i.O.;i.O.
0711;12,012;12,021;i.O.;n.i.O.;i.O.
0712;12,011;12,027;i.O.;n.i.O.;i.O.
0713;12,012;12,022;i.O.;n.i.O.;i.O.
0714;12,012;12,02;i.O.;n.i.O.;i.O.
0715;12,011;12,025;i.O.;n.i.O.;i.O.
0716;12,011;12,021;i.O.;n.i.O.;i.O.
0717;12,011;12,022;i.O.;n.i.O.;i.O.
0718;12,011;12,027;i.O.;n.i.O.;i.O.
0719;12,011;12,02;i.O.;n.i.O.;i.O.
0720;12,012;12,02;i.O.;n.i.O.;i.O.
0721;12,013;12,021;i.O.;n.i.O.;i.O.
0722;12,011;12,018;i.O.;i.O.;i.O.
0723;12,011;12,021;i.O.;n.i.O.;i.O.
0724;12,012;12,023;i.O.;n.i.O.;i.O.
0725;12,012;12,028;i.O.;n.i.O.;i.O.
0726;12,011;12,023;i.O.;n.i.O.;i.O.
0727;12,011;12,018;i.O.;i.O.;i.O.
0728;12,011;12,021;i.O.;n.i.O.;i.O.
0729;12,01;12,02;i.O.;n.i.O.;i.O.
0730;12,011;12,025;i.O.;n.i.O.;i.O.
0731;12,011;12,021;i.O.;n.i.O.;i.O.
0732;12,011;12,016;i.O.;i.O.;i.O.
0733;12,011;12,023;i.O.;n.i.O.;i.O.
0734;12,011;12,027;i.O.;n.i.O.;i.O.
0735;12,011;12,02;i.O.;n.i.O.;i.O.
0736;12,012;12,022;i.O.;n.i.O.;i.O.
0737;12,012;12,02;i.O.;n.i.O.;i.O.
0738;12,012;12,018;i.O.;i.O.;i.O.
0739;12,01;12,017;i.O.;i.O.;i.O.
0740;12,012;12,017;i.O.;i.O.;i.O.
0741;12,012;12,019;i.O.;n.i.O.;i.O.
0742;12,01;12,019;i.O.;n.i.O.;i.O.
0743;12,009;12,018;i.O.;i.O.;i.O.
0744;12,012;12,018;i.O.;i.O.;i.O.
0745;12,012;12,018;i.O.;i.O.;i.O.
0746;12,012;12,02;i.O.;n.i.O.;i.O.
0747;12,012;12,024;i.O.;n.i.O.;i.O.
0748;12,012;12,024;i.O.;n.i.O.;i.O.
0749;12,012;12,022;i.O.;n.i.O.;i.O.
0750;12,012;12,019;i.O.;n.i.O.;i.O.
0751;12,012;12,023;i.O.;n.i.O.;i.O.
0752;12,013;12,022;i.O.;n.i.O.;i.O.
0753;12,011;12,021;i.O.;n.i.O.;i.O.
0754;12,012;12,022;i.O.;n.i.O.;i.O.
0755;12,012;12,02;i.O.;n.i.O.;i.O.
0756;12,011;12,02;i.O.;n.i.O.;i.O.
0757;12,012;12,019;i.O.;n.i.O.;i.O.
0758;12,011;12,02;i.O.;n.i.O.;i.O.
0759;12,013;12,02;i.O.;n.i.O.;i.O.
0760;12,013;12,022;i.O.;n.i.O.;i.O.
0761;12,013;12,02;i.O.;n.i.O.;i.O.
0762;12,012;12,02;i.O.;n.i.O.;i.O.
0763;12,014;12,019;i.O.;n.i.O.;i.O.
0764;12,013;12,021;i.O.;n.i.O.;i.O.
0765;12,014;12,022;i.O.;n.i.O.;i.O.
0766;12,013;12,02;i.O.;n.i.O.;i.O.
0767;12,012;12,021;i.O.;n.i.O.;i.O.
0768;12,013;12,023;i.O.;n.i.O.;i.O.
0769;12,014;12,021;i.O.;n.i.O.;i.O.
0770;12,011;12,017;i.O.;i.O.;i.O.
0771;12,012;12,021;i.O.;n.i.O.;i.O.
0772;12,012;12,023;i.O.;n.i.O.;i.O.
0773;12,012;12,018;i.O.;i.O.;i.O.
0774;12,013;12,021;i.O.;n.i.O.;i.O.
0775;12,012;12,023;i.O.;n.i.O.;i.O.
0776;12,014;12,019;i.O.;n.i.O.;i.O.
0777;12,013;12,019;i.O.;n.i.O.;i.O.
0778;12,013;12,023;i.O.;n.i.O.;i.O.
0779;12,012;12,02;i.O.;n.i.O.;i.O.
0780;12,012;12,023;i.O.;n.i.O.;i.O.
0781;12,012;12,02;i.O.;n.i.O.;i.O.
0801;12,012;12,02;i.O.;n.i.O.;i.O.
0802;12,014;12,023;i.O.;n.i.O.;i.O.
0803;12,013;12,025;i.O.;n.i.O.;i.O.
0804;12,013;12,021;i.O.;n.i.O.;i.O.
0805;12,012;12,022;i.O.;n.i.O.;i.O.
0806;12,013;12,018;i.O.;i.O.;i.O.
0807;12,013;12,021;i.O.;n.i.O.;i.O.
0808;12,012;12,019;i.O.;n.i.O.;i.O.
0809;12,013;12,026;i.O.;n.i.O.;i.O.
0810;12,012;12,021;i.O.;n.i.O.;i.O.
0811;12,013;12,02;i.O.;n.i.O.;i.O.
0812;12,013;12,019;i.O.;n.i.O.;i.O.
0813;12,012;12,018;i.O.;i.O.;i.O.
0814;12,012;12,019;i.O.;n.i.O.;i.O.
0815;12,012;12,018;i.O.;i.O.;i.O.
0816;12,013;12,019;i.O.;n.i.O.;i.O.
0817;12,014;12,02;i.O.;n.i.O.;i.O.
0818;12,013;12,023;i.O.;n.i.O.;i.O.
0819;12,013;12,031;i.O.;n.i.O.;i.O.
0820;12,013;12,021;i.O.;n.i.O.;i.O.
0821;12,011;12,022;i.O.;n.i.O.;i.O.
0822;12,012;12,022;i.O.;n.i.O.;i.O.
0823;12,013;12,021;i.O.;n.i.O.;i.O.
0824;12,013;12,021;i.O.;n.i.O.;i.O.
0825;12,014;12,023;i.O.;n.i.O.;i.O.
0826;12,012;12,021;i.O.;n.i.O.;i.O.
0827;12,013;12,021;i.O.;n.i.O.;i.O.
0828;12,014;12,019;i.O.;n.i.O.;i.O.
0829;12,013;12,021;i.O.;n.i.O.;i.O.
0830;12,012;12,019;i.O.;n.i.O.;i.O.
0831;12,013;12,02;i.O.;n.i.O.;i.O.
0832;12,012;12,025;i.O.;n.i.O.;i.O.
0833;12,012;12,021;i.O.;n.i.O.;i.O.
0834;12,011;12,02;i.O.;n.i.O.;i.O.
0835;12,012;12,016;i.O.;i.O.;i.O.
0836;12,013;12,019;i.O.;n.i.O.;i.O.
0837;12,012;12,018;i.O.;i.O.;i.O.
0838;12,013;12,02;i.O.;n.i.O.;i.O.
0839;12,013;12,02;i.O.;n.i.O.;i.O.
0840;12,011;12,018;i.O.;i.O.;i.O.
0841;12,012;12,019;i.O.;n.i.O.;i.O.
0842;12,012;12,019;i.O.;n.i.O.;i.O.
0843;12,012;12,02;i.O.;n.i.O.;i.O.
0844;12,012;12,019;i.O.;n.i.O.;i.O.
0845;12,013;12,022;i.O.;n.i.O.;i.O.
0846;12,011;12,019;i.O.;n.i.O.;i.O.
0847;12,011;12,019;i.O.;n.i.O.;i.O.
0848;12,012;12,02;i.O.;n.i.O.;i.O.
0849;12,011;12,019;i.O.;n.i.O.;i.O.
0850;12,013;12,021;i.O.;n.i.O.;i.O.
0851;12,011;12,021;i.O.;n.i.O.;i.O.
0852;12,012;12,02;i.O.;n.i.O.;i.O.
0853;12,011;12,02;i.O.;n.i.O.;i.O.
0854;12,013;12,021;i.O.;n.i.O.;i.O.
0855;12,011;12,023;i.O.;n.i.O.;i.O.
0856;12,011;12,021;i.O.;n.i.O.;i.O.
0857;12,011;12,021;i.O.;n.i.O.;i.O.
0858;12,012;12,02;i.O.;n.i.O.;i.O.
0859;12,012;12,019;i.O.;n.i.O.;i.O.
0860;12,012;12,021;i.O.;n.i.O.;i.O.
0861;12,011;12,02;i.O.;n.i.O.;i.O.
0862;12,012;12,02;i.O.;n.i.O.;i.O.
0863;12,012;12,023;i.O.;n.i.O.;i.O.
0864;12,013;12,02;i.O.;n.i.O.;i.O.
0865;12,011;12,019;i.O.;n.i.O.;i.O.
0866;12,012;12,019;i.O.;n.i.O.;i.O.
0867;12,012;12,024;i.O.;n.i.O.;i.O.
0868;12,012;12,019;i.O.;n.i.O.;i.O.
0869;12,011;12,022;i.O.;n.i.O.;i.O.
0870;12,011;12,021;i.O.;n.i.O.;i.O.
0871;12,012;12,021;i.O.;n.i.O.;i.O.
0872;12,012;12,022;i.O.;n.i.O.;i.O.
0873;12,011;12,02;i.O.;n.i.O.;i.O.
0874;12,013;12,018;i.O.;i.O.;i.O.
0875;12,013;12,02;i.O.;n.i.O.;i.O.
0876;12,014;12,022;i.O.;n.i.O.;i.O.
0877;12,012;12,02;i.O.;n.i.O.;i.O.
0878;12,01;12,017;i.O.;i.O.;i.O.
0879;12,012;12,02;i.O.;n.i.O.;i.O.
0880;12,012;12,018;i.O.;i.O.;i.O.
0881;12,011;12,021;i.O.;n.i.O.;i.O.
0901;12,012;12,026;i.O.;n.i.O.;i.O.
0902;12,011;12,021;i.O.;n.i.O.;i.O.
0903;12,014;12,022;i.O.;n.i.O.;i.O.
0904;12,012;12,022;i.O.;n.i.O.;i.O.
0905;12,013;12,023;i.O.;n.i.O.;i.O.
0906;12,012;12,023;i.O.;n.i.O.;i.O.
0907;12,014;12,022;i.O.;n.i.O.;i.O.
0908;12,011;12,023;i.O.;n.i.O.;i.O.
0909;12,012;12,02;i.O.;n.i.O.;i.O.
0910;12,012;12,02;i.O.;n.i.O.;i.O.
0911;12,013;12,027;i.O.;n.i.O.;i.O.
0912;12,014;12,02;i.O.;n.i.O.;i.O.
0913;12,012;12,024;i.O.;n.i.O.;i.O.
0914;12,013;12,021;i.O.;n.i.O.;i.O.
0915;12,012;12,022;i.O.;n.i.O.;i.O.
0916;12,011;12,021;i.O.;n.i.O.;i.O.
0917;12,011;12,021;i.O.;n.i.O.;i.O.
0918;12,011;12,022;i.O.;n.i.O.;i.O.
0919;12,012;12,017;i.O.;i.O.;i.O.
0920;12,011;12,02;i.O.;n.i.O.;i.O.
0921;12,011;12,019;i.O.;n.i.O.;i.O.
0922;12,011;12,021;i.O.;n.i.O.;i.O.
0923;12,012;12,019;i.O.;n.i.O.;i.O.
0924;12,011;12,02;i.O.;n.i.O.;i.O.
0925;12,011;12,024;i.O.;n.i.O.;i.O.
0926;12,013;12,02;i.O.;n.i.O.;i.O.
0927;12,012;12,019;i.O.;n.i.O.;i.O.
0928;12,011;12,022;i.O.;n.i.O.;i.O.
0929;12,012;12,021;i.O.;n.i.O.;i.O.
0930;12,011;12,018;i.O.;i.O.;i.O.
0931;12,011;12,018;i.O.;i.O.;i.O.
0932;12,009;12,023;i.O.;n.i.O.;i.O.
0933;12,011;12,02;i.O.;n.i.O.;i.O.
0934;12,011;12,026;i.O.;n.i.O.;i.O.
0935;12,012;12,019;i.O.;n.i.O.;i.O.
0936;12,013;12,02;i.O.;n.i.O.;i.O.
0937;12,013;12,017;i.O.;i.O.;i.O.
0938;12,013;12,021;i.O.;n.i.O.;i.O.
0939;12,012;12,02;i.O.;n.i.O.;i.O.
0940;12,012;12,023;i.O.;n.i.O.;i.O.
0941;12,013;12,021;i.O.;n.i.O.;i.O.
0942;12,011;12,02;i.O.;n.i.O.;i.O.
0943;12,012;12,018;i.O.;i.O.;i.O.
0944;12,012;12,019;i.O.;n.i.O.;i.O.
0945;12,012;12,019;i.O.;n.i.O.;i.O.
0946;12,012;12,02;i.O.;n.i.O.;i.O.
0947;12,012;12,021;i.O.;n.i.O.;i.O.
0948;12,013;12,02;i.O.;n.i.O.;i.O.
0949;12,012;12,02;i.O.;n.i.O.;i.O.
0950;12,011;12,02;i.O.;n.i.O.;i.O.
0951;12,012;12,021;i.O.;n.i.O.;i.O.
0952;12,012;12,022;i.O.;n.i.O.;i.O.
0953;12,012;12,023;i.O.;n.i.O.;i.O.
0954;12,013;12,022;i.O.;n.i.O.;i.O.
0955;12,012;12,022;i.O.;n.i.O.;i.O.
0956;12,012;12,02;i.O.;n.i.O.;i.O.
0957;12,012;12,018;i.O.;i.O.;i.O.
0958;12,011;12,018;i.O.;i.O.;i.O.
0959;12,013;12,02;i.O.;n.i.O.;i.O.
0960;12,012;12,02;i.O.;n.i.O.;i.O.
0961;12,012;12,02;i.O.;n.i.O.;i.O.
0962;12,012;12,019;i.O.;n.i.O.;i.O.
0963;12,011;12,017;i.O.;i.O.;i.O.
0964;12,011;12,024;i.O.;n.i.O.;i.O.
0965;12,014;12,02;i.O.;n.i.O.;i.O.
0966;12,013;12,02;i.O.;n.i.O.;i.O.
0967;12,012;12,019;i.O.;n.i.O.;i.O.
0968;12,012;12,019;i.O.;n.i.O.;i.O.
0969;12,011;12,015;i.O.;i.O.;i.O.
0970;12,012;12,017;i.O.;i.O.;i.O.
0971;12,012;12,018;i.O.;i.O.;i.O.
0972;12,013;12,022;i.O.;n.i.O.;i.O.
0973;12,013;12,02;i.O.;n.i.O.;i.O.
0974;12,013;12,018;i.O.;i.O.;i.O.
0975;12,013;12,017;i.O.;i.O.;i.O.
0976;12,013;12,021;i.O.;n.i.O.;i.O.
0977;12,013;12,018;i.O.;i.O.;i.O.
0978;12,012;12,018;i.O.;i.O.;i.O.
0979;12,012;12,021;i.O.;n.i.O.;i.O.
0980;12,014;12,021;i.O.;n.i.O.;i.O.
0981;12,013;12,017;i.O.;i.O.;i.O.
1001;12,012;12,02;i.O.;n.i.O.;i.O.
1002;12,011;12,02;i.O.;n.i.O.;i.O.
1003;12,011;12,023;i.O.;n.i.O.;i.O.
1004;12,011;12,024;i.O.;n.i.O.;i.O.
1005;12,012;12,018;i.O.;i.O.;i.O.
1006;12,011;12,02;i.O.;n.i.O.;i.O.
1007;12,011;12,02;i.O.;n.i.O.;i.O.
1008;12,012;12,019;i.O.;n.i.O.;i.O.
1009;12,012;12,019;i.O.;n.i.O.;i.O.
1010;12,012;12,024;i.O.;n.i.O.;i.O.
1011;12,013;12,021;i.O.;n.i.O.;i.O.
1012;12,011;12,019;i.O.;n.i.O.;i.O.
1013;12,012;12,022;i.O.;n.i.O.;i.O.
1014;12,012;12,019;i.O.;n.i.O.;i.O.
1015;12,011;12,02;i.O.;n.i.O.;i.O.
1016;12,012;12,02;i.O.;n.i.O.;i.O.
1017;12,011;12,019;i.O.;n.i.O.;i.O.
1018;12,011;12,022;i.O.;n.i.O.;i.O.
1019;12,011;12,022;i.O.;n.i.O.;i.O.
1020;12,012;12,028;i.O.;n.i.O.;i.O.
1021;12,013;12,021;i.O.;n.i.O.;i.O.
1022;12,012;12,018;i.O.;i.O.;i.O.
1023;12,011;12,026;i.O.;n.i.O.;i.O.
1024;12,013;12,022;i.O.;n.i.O.;i.O.
1025;12,013;12,024;i.O.;n.i.O.;i.O.
1026;12,013;12,022;i.O.;n.i.O.;i.O.
1027;12,011;12,021;i.O.;n.i.O.;i.O.
1028;12,013;12,022;i.O.;n.i.O.;i.O.
1029;12,01;12,021;i.O.;n.i.O.;i.O.
1030;12,011;12,022;i.O.;n.i.O.;i.O.
1031;12,011;12,022;i.O.;n.i.O.;i.O.
1032;12,012;12,022;i.O.;n.i.O.;i.O.
1033;12,012;12,024;i.O.;n.i.O.;i.O.
1034;12,01;12,016;i.O.;i.O.;i.O.
1035;12,012;12,024;i.O.;n.i.O.;i.O.
1036;12,012;12,021;i.O.;n.i.O.;i.O.
1037;12,012;12,022;i.O.;n.i.O.;i.O.
1038;12,012;12,022;i.O.;n.i.O.;i.O.
1039;12,011;12,022;i.O.;n.i.O.;i.O.
1040;12,013;12,019;i.O.;n.i.O.;i.O.
1041;12,011;12,025;i.O.;n.i.O.;i.O.
1042;12,012;12,018;i.O.;i.O.;i.O.
1043;12,011;12,019;i.O.;n.i.O.;i.O.
1044;12,012;12,017;i.O.;i.O.;i.O.
1045;12,012;12,018;i.O.;i.O.;i.O.
1046;12,011;12,018;i.O.;i.O.;i.O.
1047;12,013;12,019;i.O.;n.i.O.;i.O.
1048;12,012;12,011;i.O.;i.O.;i.O.
1049;12,012;12,013;i.O.;i.O.;i.O.
1050;12,012;12,015;i.O.;i.O.;i.O.
1051;12,013;12,02;i.O.;n.i.O.;i.O.
1052;12,012;12,011;i.O.;i.O.;i.O.
1053;12,011;12,021;i.O.;n.i.O.;i.O.
1054;12,012;12,025;i.O.;n.i.O.;i.O.
1055;12,011;12,021;i.O.;n.i.O.;i.O.
1056;12,01;12,017;i.O.;i.O.;i.O.
1057;12,012;12,021;i.O.;n.i.O.;i.O.
1058;12,012;12,022;i.O.;n.i.O.;i.O.
1059;12,011;12,021;i.O.;n.i.O.;i.O.
1060;12,013;12,018;i.O.;i.O.;i.O.
1061;12,012;12,013;i.O.;i.O.;i.O.
1062;12,01;12,02;i.O.;n.i.O.;i.O.
1063;12,012;12,023;i.O.;n.i.O.;i.O.
1064;12,013;12,023;i.O.;n.i.O.;i.O.
1065;12,012;12,021;i.O.;n.i.O.;i.O.
1066;12,012;12,022;i.O.;n.i.O.;i.O.
1067;12,012;12,021;i.O.;n.i.O.;i.O.
1068;12,012;12,019;i.O.;n.i.O.;i.O.
1069;12,012;12,019;i.O.;n.i.O.;i.O.
1070;12,012;12,021;i.O.;n.i.O.;i.O.
1071;12,011;12,018;i.O.;i.O.;i.O.
1072;12,011;12,018;i.O.;i.O.;i.O.
1073;12,01;12,017;i.O.;i.O.;i.O.
1074;12,013;12,022;i.O.;n.i.O.;i.O.
1075;12,012;12,022;i.O.;n.i.O.;i.O.
1076;12,013;12,025;i.O.;n.i.O.;i.O.
1077;12,014;12,017;i.O.;i.O.;i.O.
1078;12,013;12,02;i.O.;n.i.O.;i.O.
1079;12,013;12,021;i.O.;n.i.O.;i.O.
1080;12,011;12,021;i.O.;n.i.O.;i.O.
1081;12,012;12,02;i.O.;n.i.O.;i.O.
1101;12,012;12,014;i.O.;i.O.;i.O.
1102;12,013;12,015;i.O.;i.O.;i.O.
1103;12,014;12,015;i.O.;i.O.;i.O.
1104;12,011;12,015;i.O.;i.O.;i.O.
1105;12,012;12,015;i.O.;i.O.;i.O.
1106;12,013;12,017;i.O.;i.O.;i.O.
1107;12,013;12,015;i.O.;i.O.;i.O.
1108;12,012;12,015;i.O.;i.O.;i.O.
1109;12,013;12,016;i.O.;i.O.;i.O.
1110;12,013;12,013;i.O.;i.O.;i.O.
1111;12,011;12,016;i.O.;i.O.;i.O.
1112;12,012;12,013;i.O.;i.O.;i.O.
1113;12,013;12,015;i.O.;i.O.;i.O.
1114;12,011;12,012;i.O.;i.O.;i.O.
1115;12,012;12,016;i.O.;i.O.;i.O.
1116;12,013;12,019;i.O.;n.i.O.;i.O.
1117;12,011;12,013;i.O.;i.O.;i.O.
1118;12,011;12,016;i.O.;i.O.;i.O.
1119;12,011;12,02;i.O.;n.i.O.;i.O.
1120;12,011;12,019;i.O.;n.i.O.;i.O.
1121;12,011;12,015;i.O.;i.O.;i.O.
1122;12,012;12,017;i.O.;i.O.;i.O.
1123;12,01;12,014;i.O.;i.O.;i.O.
1124;12,012;12,016;i.O.;i.O.;i.O.
1125;12,011;12,011;i.O.;i.O.;i.O.
1126;12,011;12,019;i.O.;n.i.O.;i.O.
1127;12,01;12,014;i.O.;i.O.;i.O.
1128;12,013;12,017;i.O.;i.O.;i.O.
1129;12,011;12,014;i.O.;i.O.;i.O.
1130;12,012;12,016;i.O.;i.O.;i.O.
1131;12,01;12,011;i.O.;i.O.;i.O.
1132;12,012;12,016;i.O.;i.O.;i.O.
1133;12,012;12,018;i.O.;i.O.;i.O.
1134;12,013;12,018;i.O.;i.O.;i.O.
1135;12,013;12,018;i.O.;i.O.;i.O.
1136;12,013;12,012;i.O.;i.O.;i.O.
1137;12,012;12,013;i.O.;i.O.;i.O.
1138;12,012;12,015;i.O.;i.O.;i.O.
1139;12,012;12,015;i.O.;i.O.;i.O.
1140;12,011;12,016;i.O.;i.O.;i.O.
1141;12,012;12,016;i.O.;i.O.;i.O.
1142;12,013;12,016;i.O.;i.O.;i.O.
1143;12,01;12,012;i.O.;i.O.;i.O.
1144;12,013;12,019;i.O.;n.i.O.;i.O.
1145;12,011;12,013;i.O.;i.O.;i.O.
1146;12,011;12,016;i.O.;i.O.;i.O.
1147;12,013;12,021;i.O.;n.i.O.;i.O.
1148;12,012;12,018;i.O.;i.O.;i.O.
1149;12,012;12,012;i.O.;i.O.;i.O.
1150;12,012;12,015;i.O.;i.O.;i.O.
1151;12,012;12,013;i.O.;i.O.;i.O.
1152;12,013;12,015;i.O.;i.O.;i.O.
1153;12,012;12,019;i.O.;n.i.O.;i.O.
1154;12,013;12,014;i.O.;i.O.;i.O.
1155;12,013;12,016;i.O.;i.O.;i.O.
1156;12,013;12,015;i.O.;i.O.;i.O.
1157;12,013;12,016;i.O.;i.O.;i.O.
1158;12,012;12,013;i.O.;i.O.;i.O.
1159;12,011;12,015;i.O.;i.O.;i.O.
1160;12,012;12,019;i.O.;n.i.O.;i.O.
1161;12,013;12,013;i.O.;i.O.;i.O.
1162;12,01;12,013;i.O.;i.O.;i.O.
1163;12,011;12,013;i.O.;i.O.;i.O.
1164;12,012;12,016;i.O.;i.O.;i.O.
1165;12,012;12,02;i.O.;n.i.O.;i.O.
1166;12,011;12,012;i.O.;i.O.;i.O.
1167;12,013;12,015;i.O.;i.O.;i.O.
1168;12,01;12,013;i.O.;i.O.;i.O.
1169;12,013;12,017;i.O.;i.O.;i.O.
1170;12,013;12,013;i.O.;i.O.;i.O.
1171;12,012;12,013;i.O.;i.O.;i.O.
1172;12,012;12,016;i.O.;i.O.;i.O.
1173;12,014;12,014;i.O.;i.O.;i.O.
1174;12,012;12,012;i.O.;i.O.;i.O.
1175;12,012;12,014;i.O.;i.O.;i.O.
1176;12,011;12,012;i.O.;i.O.;i.O.
1177;12,012;12,011;i.O.;i.O.;i.O.
1178;12,012;12,014;i.O.;i.O.;i.O.
1179;12,012;12,02;i.O.;n.i.O.;i.O.
1180;12,011;12,022;i.O.;n.i.O.;i.O.
1181;12,01;12,011;i.O.;i.O.;i.O.
1201;12,012;;i.O.;n.i.O.;i.O.
1202;12,012;;i.O.;n.i.O.;i.O.
1203;12,013;;i.O.;n.i.O.;i.O.
1204;12,012;;i.O.;n.i.O.;i.O.
1205;12,013;;i.O.;n.i.O.;i.O.
1206;12,012;;i.O.;n.i.O.;i.O.
1207;12,013;;i.O.;n.i.O.;i.O.
1208;12,013;;i.O.;n.i.O.;i.O.
1209;12,013;;i.O.;n.i.O.;i.O.
1210;12,012;;i.O.;n.i.O.;i.O.
1211;12,014;;i.O.;n.i.O.;i.O.
1212;12,013;;i.O.;n.i.O.;i.O.
1213;12,014;;i.O.;n.i.O.;i.O.
1214;12,012;;i.O.;n.i.O.;i.O.
1215;12,011;;i.O.;n.i.O.;i.O.
1216;12,012;;i.O.;n.i.O.;i.O.
1217;12,013;;i.O.;n.i.O.;i.O.
1218;12,013;;i.O.;n.i.O.;i.O.
1219;12,012;;i.O.;n.i.O.;i.O.
1220;12,014;;i.O.;n.i.O.;i.O.
1221;12,012;;i.O.;n.i.O.;i.O.
1222;12,014;;i.O.;n.i.O.;i.O.
1223;12,013;;i.O.;n.i.O.;i.O.
1224;12,012;;i.O.;n.i.O.;i.O.
1225;12,014;;i.O.;n.i.O.;i.O.
1226;12,012;;i.O.;n.i.O.;i.O.
1227;12,012;;i.O.;n.i.O.;i.O.
1228;12,013;;i.O.;n.i.O.;i.O.
1229;12,012;;i.O.;n.i.O.;i.O.
1230;12,012;;i.O.;n.i.O.;i.O.
1231;12,013;;i.O.;n.i.O.;i.O.
1232;12,012;;i.O.;n.i.O.;i.O.
1233;12,013;;i.O.;n.i.O.;i.O.
1234;12,011;;i.O.;n.i.O.;i.O.
1235;12,012;;i.O.;n.i.O.;i.O.
1236;12,013;;i.O.;n.i.O.;i.O.
1237;12,012;;i.O.;n.i.O.;i.O.
1238;12,012;;i.O.;n.i.O.;i.O.
1239;12,014;;i.O.;n.i.O.;i.O.
1240;12,014;;i.O.;n.i.O.;i.O.
1241;12,01;;i.O.;n.i.O.;i.O.
1242;12,013;;i.O.;n.i.O.;i.O.
1243;12,013;;i.O.;n.i.O.;i.O.
1244;12,014;;i.O.;n.i.O.;i.O.
1245;12,012;;i.O.;n.i.O.;i.O.
1246;12,013;;i.O.;n.i.O.;i.O.
1247;12,011;;i.O.;n.i.O.;i.O.
1248;12,012;;i.O.;n.i.O.;i.O.
1249;12,012;;i.O.;n.i.O.;i.O.
1250;12,012;;i.O.;n.i.O.;i.O.
1251;12,011;;i.O.;n.i.O.;i.O.
1252;12,011;;i.O.;n.i.O.;i.O.
1253;12,014;;i.O.;n.i.O.;i.O.
1254;12,013;;i.O.;n.i.O.;i.O.
1255;12,012;;i.O.;n.i.O.;i.O.
1256;12,01;;i.O.;n.i.O.;i.O.
1257;12,011;;i.O.;n.i.O.;i.O.
1258;12,011;;i.O.;n.i.O.;i.O.
1259;12,012;;i.O.;n.i.O.;i.O.
1260;12,014;;i.O.;n.i.O.;i.O.
1261;12,011;;i.O.;n.i.O.;i.O.
1262;12,013;;i.O.;n.i.O.;i.O.
1263;12,012;;i.O.;n.i.O.;i.O.
1264;12,012;;i.O.;n.i.O.;i.O.
1265;12,012;;i.O.;n.i.O.;i.O.
1266;12,013;;i.O.;n.i.O.;i.O.
1267;12,013;;i.O.;n.i.O.;i.O.
1268;12,014;;i.O.;n.i.O.;i.O.
1269;12,013;;i.O.;n.i.O.;i.O.
1270;12,012;;i.O.;n.i.O.;i.O.
1271;12,013;;i.O.;n.i.O.;i.O.
1272;12,013;;i.O.;n.i.O.;i.O.
1273;12,013;;i.O.;n.i.O.;i.O.
1274;12,014;;i.O.;n.i.O.;i.O.
1275;12,013;;i.O.;n.i.O.;i.O.
1276;12,014;;i.O.;n.i.O.;i.O.
1277;12,009;;i.O.;n.i.O.;i.O.
1278;12,012;;i.O.;n.i.O.;i.O.
1279;12,013;;i.O.;n.i.O.;i.O.
1280;12,012;;i.O.;n.i.O.;i.O.
1281;12,012;;i.O.;n.i.O.;i.O.
1301;12,011;;i.O.;n.i.O.;
1302;;;n.i.O.;n.i.O.;
1303;;;n.i.O.;n.i.O.;
1304;;;n.i.O.;n.i.O.;
1305;;;n.i.O.;n.i.O.;
1306;;;n.i.O.;n.i.O.;
1307;;;n.i.O.;n.i.O.;
1308;;;n.i.O.;n.i.O.;
1309;;;n.i.O.;n.i.O.;
1310;;;n.i.O.;n.i.O.;
1311;;;n.i.O.;n.i.O.;
1312;;;n.i.O.;n.i.O.;
1313;;;n.i.O.;n.i.O.;
1314;;;n.i.O.;n.i.O.;
1315;;;n.i.O.;n.i.O.;
1316;;;n.i.O.;n.i.O.;
1317;;;n.i.O.;n.i.O.;
1318;;;n.i.O.;n.i.O.;
1319;;;n.i.O.;n.i.O.;
1320;;;n.i.O.;n.i.O.;
1321;;;n.i.O.;n.i.O.;
1322;;;n.i.O.;n.i.O.;
1323;;;n.i.O.;n.i.O.;
1324;;;n.i.O.;n.i.O.;
1325;;;n.i.O.;n.i.O.;
1326;;;n.i.O.;n.i.O.;
1327;;;n.i.O.;n.i.O.;
1328;;;n.i.O.;n.i.O.;
1329;;;n.i.O.;n.i.O.;
1330;;;n.i.O.;n.i.O.;
1331;;;n.i.O.;n.i.O.;
1332;;;n.i.O.;n.i.O.;
1333;;;n.i.O.;n.i.O.;
1334;;;n.i.O.;n.i.O.;
1335;;;n.i.O.;n.i.O.;
1336;;;n.i.O.;n.i.O.;
1337;;;n.i.O.;n.i.O.;
1338;;;n.i.O.;n.i.O.;
1339;;;n.i.O.;n.i.O.;
1340;;;n.i.O.;n.i.O.;
1341;;;n.i.O.;n.i.O.;
1342;;;n.i.O.;n.i.O.;
1343;;;n.i.O.;n.i.O.;
1344;;;n.i.O.;n.i.O.;
1345;;;n.i.O.;n.i.O.;
1346;;;n.i.O.;n.i.O.;
1347;;;n.i.O.;n.i.O.;
1348;;;n.i.O.;n.i.O.;
1349;;;n.i.O.;n.i.O.;
1350;;;n.i.O.;n.i.O.;
1351;;;n.i.O.;n.i.O.;
1352;;;n.i.O.;n.i.O.;
1353;;;n.i.O.;n.i.O.;
1354;;;n.i.O.;n.i.O.;
1355;;;n.i.O.;n.i.O.;
1356;;;n.i.O.;n.i.O.;
1357;;;n.i.O.;n.i.O.;
1358;;;n.i.O.;n.i.O.;
1359;;;n.i.O.;n.i.O.;
1360;;;n.i.O.;n.i.O.;
1361;;;n.i.O.;n.i.O.;
1362;;;n.i.O.;n.i.O.;
1363;;;n.i.O.;n.i.O.;
1364;;;n.i.O.;n.i.O.;
1365;;;n.i.O.;n.i.O.;
1366;;;n.i.O.;n.i.O.;
1367;;;n.i.O.;n.i.O.;
1368;;;n.i.O.;n.i.O.;
1369;;;n.i.O.;n.i.O.;
1370;;;n.i.O.;n.i.O.;
1371;;;n.i.O.;n.i.O.;
1372;;;n.i.O.;n.i.O.;
1373;;;n.i.O.;n.i.O.;
1374;;;n.i.O.;n.i.O.;
1375;;;n.i.O.;n.i.O.;
1376;;;n.i.O.;n.i.O.;
1377;;;n.i.O.;n.i.O.;
1378;;;n.i.O.;n.i.O.;
1379;;;n.i.O.;n.i.O.;
1380;;;n.i.O.;n.i.O.;
1381;;;n.i.O.;n.i.O.;
1401;;;n.i.O.;n.i.O.;
1402;;;n.i.O.;n.i.O.;
1403;;;n.i.O.;n.i.O.;
1404;;;n.i.O.;n.i.O.;
1405;;;n.i.O.;n.i.O.;
1406;;;n.i.O.;n.i.O.;
1407;;;n.i.O.;n.i.O.;
1408;;;n.i.O.;n.i.O.;
1409;;;n.i.O.;n.i.O.;
1410;;;n.i.O.;n.i.O.;
1411;;;n.i.O.;n.i.O.;
1412;;;n.i.O.;n.i.O.;
1413;;;n.i.O.;n.i.O.;
1414;;;n.i.O.;n.i.O.;
1415;;;n.i.O.;n.i.O.;
1416;;;n.i.O.;n.i.O.;
1417;;;n.i.O.;n.i.O.;
1418;;;n.i.O.;n.i.O.;
1419;;;n.i.O.;n.i.O.;
1420;;;n.i.O.;n.i.O.;
1421;;;n.i.O.;n.i.O.;
1422;;;n.i.O.;n.i.O.;
1423;;;n.i.O.;n.i.O.;
1424;;;n.i.O.;n.i.O.;
1425;;;n.i.O.;n.i.O.;
1426;;;n.i.O.;n.i.O.;
1427;;;n.i.O.;n.i.O.;
1428;;;n.i.O.;n.i.O.;
1429;;;n.i.O.;n.i.O.;
1430;;;n.i.O.;n.i.O.;
1431;;;n.i.O.;n.i.O.;
1432;;;n.i.O.;n.i.O.;
1433;;;n.i.O.;n.i.O.;
1434;;;n.i.O.;n.i.O.;
1435;;;n.i.O.;n.i.O.;
1436;;;n.i.O.;n.i.O.;
1437;;;n.i.O.;n.i.O.;
1438;;;n.i.O.;n.i.O.;
1439;;;n.i.O.;n.i.O.;
1440;;;n.i.O.;n.i.O.;
1441;;;n.i.O.;n.i.O.;
1442;;;n.i.O.;n.i.O.;
1443;;;n.i.O.;n.i.O.;
1444;;;n.i.O.;n.i.O.;
1445;;;n.i.O.;n.i.O.;
1446;;;n.i.O.;n.i.O.;
1447;;;n.i.O.;n.i.O.;
1448;;;n.i.O.;n.i.O.;
1449;;;n.i.O.;n.i.O.;
1450;;;n.i.O.;n.i.O.;
1451;;;n.i.O.;n.i.O.;
1452;;;n.i.O.;n.i.O.;
1453;;;n.i.O.;n.i.O.;
1454;;;n.i.O.;n.i.O.;
1455;;;n.i.O.;n.i.O.;
1456;;;n.i.O.;n.i.O.;
1457;;;n.i.O.;n.i.O.;
1458;;;n.i.O.;n.i.O.;
1459;;;n.i.O.;n.i.O.;
1460;;;n.i.O.;n.i.O.;
1461;;;n.i.O.;n.i.O.;
1462;;;n.i.O.;n.i.O.;
1463;;;n.i.O.;n.i.O.;
1464;;;n.i.O.;n.i.O.;
1465;;;n.i.O.;n.i.O.;
1466;;;n.i.O.;n.i.O.;
1467;;;n.i.O.;n.i.O.;
1468;;;n.i.O.;n.i.O.;
1469;;;n.i.O.;n.i.O.;
1470;;;n.i.O.;n.i.O.;
1471;;;n.i.O.;n.i.O.;
1472;;;n.i.O.;n.i.O.;
1473;;;n.i.O.;n.i.O.;
1474;;;n.i.O.;n.i.O.;
1475;;;n.i.O.;n.i.O.;
1476;;;n.i.O.;n.i.O.;
1477;;;n.i.O.;n.i.O.;
1478;;;n.i.O.;n.i.O.;
1479;;;n.i.O.;n.i.O.;
1480;;;n.i.O.;n.i.O.;
1481;;;n.i.O.;n.i.O.;
;;;n.i.O.;n.i.O.;
;;;n.i.O.;n.i.O.;
;;;n.i.O.;n.i.O.;
;;;n.i.O.;n.i.O.;
;;;n.i.O.;n.i.O.;
;;;n.i.O.;n.i.O.;
;;;n.i.O.;n.i.O.;
;;;;;
;;;;;
;;;;;
;;;;;
;;;;;
;;;;;
;;;;;
;;;;;
;;;;;
;;;;;
;;;;;
;;;;;
;;;;;
;;;;;
;;;;;
;;;;;
;;;;;
;;;;;
;;;;;
;;;;;
;;;;;
;;;;;
;;;;;
;;;;;
;;;;;
;;;;;
;;;;;
;;;;;
;;;;;
;;;;;
;;;;;
;;;;;
;;;;;
;;;;;
;;;;;
;;;;;
;;;;;
;;;;;
;;;;;
;;;;;
;;;;;
;;;;;
;;;;;
;;;;;
;;;;;
;;;;;
;;;;;
;;;;;
;;;;;
;;;;;
;;;;;
;;;;;
;;;;;
;;;;;
;;;;;
;;;;;
;;;;;
;;;;;
;;;;;
;;;;;
;;;;;
;;;;;
;;;;;
;;;;;
;;;;;
;;;;;
;;;;;
;;;;;
;;;;;
;;;;;
;;;;;
;;;;;
;;;;;
;;;;;
;;;;;
;;;;;
;;;;;
;;;;;
;;;;;
;;;;;
;;;;;
;;;;;
;;;;;
;;;;;
;;;;;
;;;;;
;;;;;
;;;;;
;;;;;
;;;;;
;;;;;
;;;;;
;;;;;
;;;;;
;;;;;
;;;;;
;;;;;
;;;;;
;;;;;
;;;;;
;;;;;
;;;;;
;;;;;
;;;;;
;;;;;
;;;;;
;;;;;
;;;;;
;;;;;
;;;;;
;;;;;
;;;;;
;;;;;
;;;;;
;;;;;
;;;;;
;;;;;
;;;;;
;;;;;
;;;;;
;;;;;
;;;;;
;;;;;
;;;;;
;;;;;
;;;;;
;;;;;
;;;;;
;;;;;
;;;;;
;;;;;
;;;;;
;;;;;
;;;;;
;;;;;
;;;;;
;;;;;
;;;;;
;;;;;
;;;;;
;;;;;
;;;;;
;;;;;
;;;;;
;;;;;
;;;;;
;;;;;
;;;;;
;;;;;
;;;;;
;;;;;
;;;;;
;;;;;
;;;;;
;;;;;
;;;;;
;;;;;
;;;;;
;;;;;
;;;;;
;;;;;
;;;;;
;;;;;
;;;;;
;;;;;
;;;;;
;;;;;
;;;;;
;;;;;
;;;;;
;;;;;
;;;;;
;;;;;
;;;;;
;;;;;
;;;;;
;;;;;
;;;;;
;;;;;
;;;;;
;;;;;
;;;;;
;;;;;
;;;;;
;;;;;
;;;;;
;;;;;
;;;;;
;;;;;
;;;;;
;;;;;
;;;;;
;;;;;
;;;;;
;;;;;
;;;;;
;;;;;
;;;;;
;;;;;
;;;;;
;;;;;
;;;;;
;;;;;
;;;;;
;;;;;
;;;;;
;;;;;
;;;;;
;;;;;
;;;;;
;;;;;
;;;;;
;;;;;
;;;;;
;;;;;
;;;;;
;;;;;
;;;;;
;;;;;
;;;;;
;;;;;
;;;;;
;;;;;
;;;;;
;;;;;
;;;;;
;;;;;
;;;;;
;;;;;
;;;;;
;;;;;
;;;;;
;;;;;
;;;;;
;;;;;
;;;;;
;;;;;
;;;;;
;;;;;
;;;;;
;;;;;
;;;;;
;;;;;
;;;;;
;;;;;
;;;;;
;;;;;
;;;;;
;;;;;
;;;;;
;;;;;
;;;;;
;;;;;
;;;;;
;;;;;
;;;;;
;;;;;
;;;;;
;;;;;
;;;;;
;;;;;
;;;;;
;;;;;
;;;;;
;;;;;
;;;;;
;;;;;
;;;;;
;;;;;
;;;;;
;;;;;
;;;;;
;;;;;
;;;;;
;;;;;
;;;;;
;;;;;
;;;;;
;;;;;
;;;;;
;;;;;
;;;;;
;;;;;
;;;;;
;;;;;
;;;;;
;;;;;
;;;;;
;;;;;
;;;;;
;;;;;
;;;;;
;;;;;
;;;;;
;;;;;
;;;;;
;;;;;
;;;;;
;;;;;
;;;;;
;;;;;
;;;;;
;;;;;
;;;;;
;;;;;
;;;;;
;;;;;
;;;;;
;;;;;
;;;;;
;;;;;
;;;;;
;;;;;
;;;;;
;;;;;
;;;;;
;;;;;
;;;;;
;;;;;
;;;;;
;;;;;
;;;;;
;;;;;
;;;;;
;;;;;
;;;;;
;;;;;
;;;;;
;;;;;
;;;;;
;;;;;
;;;;;
;;;;;
;;;;;
;;;;;
;;;;;
;;;;;
;;;;;
;;;;;
;;;;;
;;;;;
;;;;;
;;;;;
;;;;;
;;;;;
;;;;;
;;;;;
;;;;;
;;;;;
;;;;;
;;;;;
;;;;;
;;;;;
;;;;;
;;;;;
;;;;;
;;;;;
;;;;;
;;;;;
;;;;;
;;;;;
;;;;;
;;;;;
;;;;;
;;;;;
;;;;;
;;;;;
;;;;;
;;;;;
;;;;;
;;;;;
;;;;;
;;;;;
;;;;;
;;;;;
;;;;;
;;;;;
;;;;;
;;;;;
;;;;;
;;;;;
;;;;;
;;;;;
;;;;;
;;;;;
;;;;;
;;;;;
;;;;;
;;;;;
;;;;;
;;;;;
;;;;;
;;;;;
;;;;;
;;;;;
;;;;;
;;;;;
;;;;;
;;;;;
;;;;;
;;;;;
;;;;;
;;;;;
;;;;;
;;;;;
;;;;;
;;;;;
;;;;;
;;;;;
;;;;;
;;;;;
;;;;;
;;;;;
;;;;;
;;;;;
;;;;;
;;;;;
;;;;;
;;;;;
;;;;;
;;;;;
;;;;;
;;;;;
;;;;;
;;;;;
;;;;;
;;;;;
;;;;;
;;;;;
;;;;;
;;;;;
;;;;;
;;;;;
;;;;;
;;;;;
;;;;;
;;;;;
;;;;;
;;;;;
;;;;;
;;;;;
;;;;;
;;;;;
;;;;;
;;;;;
;;;;;
;;;;;
;;;;;
;;;;;
;;;;;
;;;;;
;;;;;
;;;;;
;;;;;
;;;;;
;;;;;
;;;;;
;;;;;
;;;;;
;;;;;
;;;;;
;;;;;
;;;;;
;;;;;
;;;;;
;;;;;
;;;;;
;;;;;
;;;;;
;;;;;
;;;;;
;;;;;
;;;;;
;;;;;
;;;;;
;;;;;
;;;;;
;;;;;
;;;;;
;;;;;
;;;;;
;;;;;
;;;;;
;;;;;
;;;;;
;;;;;
;;;;;
;;;;;
;;;;;
;;;;;
;;;;;
;;;;;
;;;;;
;;;;;
;;;;;
;;;;;
;;;;;
;;;;;
;;;;;
;;;;;
;;;;;
;;;;;
;;;;;
;;;;;
;;;;;
;;;;;
;;;;;
;;;;;
;;;;;
;;;;;
;;;;;
;;;;;
;;;;;
;;;;;
;;;;;
;;;;;
;;;;;
;;;;;
;;;;;
;;;;;
;;;;;
;;;;;
;;;;;
;;;;;
;;;;;
;;;;;
;;;;;
;;;;;
;;;;;
;;;;;
;;;;;
;;;;;
;;;;;
;;;;;
;;;;;
;;;;;
;;;;;
;;;;;
;;;;;
;;;;;
;;;;;
;;;;;
;;;;;
;;;;;
;;;;;
;;;;;
;;;;;
;;;;;
;;;;;
;;;;;
;;;;;
;;;;;
;;;;;
;;;;;
;;;;;
;;;;;
;;;;;
;;;;;
;;;;;
;;;;;
;;;;;
;;;;;
;;;;;
;;;;;
;;;;;
;;;;;
;;;;;
;;;;;
;;;;;
;;;;;
;;;;;
;;;;;
;;;;;
;;;;;
;;;;;
;;;;;
;;;;;
;;;;;
;;;;;
;;;;;
;;;;;
;;;;;
;;;;;
;;;;;
;;;;;
;;;;;
;;;;;
;;;;;
;;;;;
;;;;;
;;;;;
;;;;;
;;;;;
;;;;;
;;;;;
;;;;;
;;;;;
;;;;;
;;;;;
;;;;;
;;;;;
;;;;;
;;;;;
;;;;;
;;;;;
;;;;;
;;;;;
;;;;;
;;;;;
;;;;;
;;;;;
;;;;;
;;;;;
;;;;;
;;;;;
;;;;;
;;;;;
;;;;;
;;;;;
;;;;;
;;;;;
;;;;;
;;;;;
;;;;;
;;;;;
;;;;;
;;;;;
;;;;;
;;;;;
;;;;;
;;;;;
;;;;;
;;;;;
;;;;;
;;;;;
;;;;;
;;;;;
;;;;;
;;;;;
;;;;;
;;;;;
;;;;;
;;;;;
;;;;;
;;;;;
;;;;;
;;;;;
;;;;;
;;;;;
;;;;;
;;;;;
;;;;;
;;;;;
;;;;;
;;;;;
;;;;;
;;;;;
;;;;;
;;;;;
;;;;;
;;;;;
;;;;;
;;;;;
;;;;;
;;;;;
;;;;;
;;;;;
;;;;;
;;;;;
;;;;;
;;;;;
;;;;;
;;;;;
;;;;;
;;;;;
;;;;;
;;;;;
;;;;;
;;;;;
;;;;;
;;;;;
;;;;;
;;;;;
;;;;;
;;;;;
;;;;;
;;;;;
;;;;;
;;;;;
;;;;;
;;;;;
;;;;;
;;;;;
;;;;;
;;;;;
;;;;;
;;;;;
;;;;;
;;;;;
;;;;;
;;;;;
;;;;;
;;;;;
;;;;;
;;;;;
;;;;;
;;;;;
;;;;;
;;;;;
;;;;;
;;;;;
;;;;;
;;;;;
;;;;;
;;;;;
;;;;;
;;;;;
;;;;;
;;;;;
;;;;;
;;;;;
;;;;;
;;;;;
;;;;;
;;;;;
;;;;;
;;;;;
;;;;;
;;;;;
;;;;;
;;;;;
;;;;;
;;;;;
;;;;;
;;;;;
;;;;;
;;;;;
;;;;;
;;;;;
;;;;;
;;;;;
;;;;;
;;;;;
;;;;;
;;;;;
;;;;;
;;;;;
;;;;;
;;;;;
;;;;;
;;;;;
;;;;;
;;;;;
;;;;;
;;;;;
;;;;;
;;;;;
;;;;;
;;;;;
;;;;;
;;;;;
;;;;;
;;;;;
;;;;;
;;;;;
;;;;;
;;;;;
;;;;;
;;;;;
;;;;;
;;;;;
;;;;;
;;;;;
;;;;;
;;;;;
;;;;;
;;;;;
;;;;;
;;;;;
;;;;;
;;;;;
;;;;;
;;;;;
;;;;;
;;;;;
;;;;;
;;;;;
;;;;;
;;;;;
;;;;;
;;;;;
;;;;;
;;;;;
;;;;;
;;;;;
;;;;;
;;;;;
;;;;;
;;;;;
;;;;;
;;;;;
;;;;;
;;;;;
;;;;;
;;;;;
;;;;;
;;;;;
;;;;;
;;;;;
;;;;;
;;;;;
;;;;;
;;;;;
;;;;;
;;;;;
;;;;;
;;;;;
;;;;;
;;;;;
;;;;;
;;;;;
;;;;;
;;;;;
;;;;;
;;;;;
;;;;;
;;;;;
;;;;;
;;;;;
;;;;;
;;;;;
;;;;;
;;;;;
;;;;;
;;;;;
;;;;;
;;;;;
;;;;;
;;;;;
;;;;;
;;;;;
;;;;;
;;;;;
;;;;;
;;;;;
;;;;;
;;;;;
;;;;;
;;;;;
;;;;;
;;;;;
