      Date;    Time;                         Program; Workpiece no.;     Testpoint;Plane;     Probe no.;         Cycle;        S_MVAR;               Measuring variant;Results:    ;      Setpoint;      Measured;    Difference;Unit
20.11.2019;12:14:13;                      REIBEN.MPF;              ;1;  G17;1;977;1;                          1 Hole;X           ;15;14,976;-0,024;mm
20.11.2019;12:14:13;                      REIBEN.MPF;              ;1;  G17;1;977;1;                          1 Hole;Y           ;15;15,016;0,016;mm
20.11.2019;12:14:13;                      REIBEN.MPF;              ;1;  G17;1;977;1;                          1 Hole;Diameter    ;12,009;12,019;0,01;mm
20.11.2019;12:14:18;                      REIBEN.MPF;              ;1;  G17;1;977;1;                          1 Hole;X           ;30;29,994;-0,006;mm
20.11.2019;12:14:18;                      REIBEN.MPF;              ;1;  G17;1;977;1;                          1 Hole;Y           ;15;14,986;-0,014;mm
20.11.2019;12:14:18;                      REIBEN.MPF;              ;1;  G17;1;977;1;                          1 Hole;Diameter    ;12,009;12,018;0,009;mm
20.11.2019;12:14:23;                      REIBEN.MPF;              ;1;  G17;1;977;1;                          1 Hole;X           ;45;44,979;-0,021;mm
20.11.2019;12:14:23;                      REIBEN.MPF;              ;1;  G17;1;977;1;                          1 Hole;Y           ;15;14,997;-0,003;mm
20.11.2019;12:14:23;                      REIBEN.MPF;              ;1;  G17;1;977;1;                          1 Hole;Diameter    ;12,009;12,015;0,006;mm
20.11.2019;12:14:28;                      REIBEN.MPF;              ;1;  G17;1;977;1;                          1 Hole;X           ;60;59,997;-0,003;mm
20.11.2019;12:14:28;                      REIBEN.MPF;              ;1;  G17;1;977;1;                          1 Hole;Y           ;15;15,003;0,003;mm
20.11.2019;12:14:28;                      REIBEN.MPF;              ;1;  G17;1;977;1;                          1 Hole;Diameter    ;12,009;12,015;0,006;mm
20.11.2019;12:14:33;                      REIBEN.MPF;              ;1;  G17;1;977;1;                          1 Hole;X           ;75;74,969;-0,031;mm
20.11.2019;12:14:33;                      REIBEN.MPF;              ;1;  G17;1;977;1;                          1 Hole;Y           ;15;15,004;0,004;mm
20.11.2019;12:14:33;                      REIBEN.MPF;              ;1;  G17;1;977;1;                          1 Hole;Diameter    ;12,009;12,015;0,006;mm
20.11.2019;12:14:38;                      REIBEN.MPF;              ;1;  G17;1;977;1;                          1 Hole;X           ;90;90,001;0;mm
20.11.2019;12:14:38;                      REIBEN.MPF;              ;1;  G17;1;977;1;                          1 Hole;Y           ;15;15,009;0,009;mm
20.11.2019;12:14:38;                      REIBEN.MPF;              ;1;  G17;1;977;1;                          1 Hole;Diameter    ;12,009;12,016;0,007;mm
20.11.2019;12:14:43;                      REIBEN.MPF;              ;1;  G17;1;977;1;                          1 Hole;X           ;105;104,995;-0,005;mm
20.11.2019;12:14:43;                      REIBEN.MPF;              ;1;  G17;1;977;1;                          1 Hole;Y           ;15;15,006;0,006;mm
20.11.2019;12:14:43;                      REIBEN.MPF;              ;1;  G17;1;977;1;                          1 Hole;Diameter    ;12,009;12,016;0,007;mm
20.11.2019;12:14:48;                      REIBEN.MPF;              ;1;  G17;1;977;1;                          1 Hole;X           ;120;120,009;0,009;mm
20.11.2019;12:14:48;                      REIBEN.MPF;              ;1;  G17;1;977;1;                          1 Hole;Y           ;15;14,988;-0,012;mm
20.11.2019;12:14:48;                      REIBEN.MPF;              ;1;  G17;1;977;1;                          1 Hole;Diameter    ;12,009;12,017;0,008;mm
20.11.2019;12:14:53;                      REIBEN.MPF;              ;1;  G17;1;977;1;                          1 Hole;X           ;135;134,998;-0,002;mm
20.11.2019;12:14:53;                      REIBEN.MPF;              ;1;  G17;1;977;1;                          1 Hole;Y           ;15;14,995;-0,005;mm
20.11.2019;12:14:53;                      REIBEN.MPF;              ;1;  G17;1;977;1;                          1 Hole;Diameter    ;12,009;12,016;0,007;mm
20.11.2019;12:15:01;                      REIBEN.MPF;              ;1;  G17;1;977;1;                          1 Hole;X           ;15;14,978;-0,022;mm
20.11.2019;12:15:01;                      REIBEN.MPF;              ;1;  G17;1;977;1;                          1 Hole;Y           ;30;30,01;0,01;mm
20.11.2019;12:15:01;                      REIBEN.MPF;              ;1;  G17;1;977;1;                          1 Hole;Diameter    ;12,009;12,019;0,01;mm
20.11.2019;12:15:06;                      REIBEN.MPF;              ;1;  G17;1;977;1;                          1 Hole;X           ;30;29,991;-0,009;mm
20.11.2019;12:15:06;                      REIBEN.MPF;              ;1;  G17;1;977;1;                          1 Hole;Y           ;30;30,004;0,004;mm
20.11.2019;12:15:06;                      REIBEN.MPF;              ;1;  G17;1;977;1;                          1 Hole;Diameter    ;12,009;12,019;0,01;mm
20.11.2019;12:15:10;                      REIBEN.MPF;              ;1;  G17;1;977;1;                          1 Hole;X           ;45;44,985;-0,015;mm
20.11.2019;12:15:10;                      REIBEN.MPF;              ;1;  G17;1;977;1;                          1 Hole;Y           ;30;29,987;-0,013;mm
20.11.2019;12:15:10;                      REIBEN.MPF;              ;1;  G17;1;977;1;                          1 Hole;Diameter    ;12,009;12,019;0,01;mm
20.11.2019;12:15:15;                      REIBEN.MPF;              ;1;  G17;1;977;1;                          1 Hole;X           ;60;59,984;-0,016;mm
20.11.2019;12:15:15;                      REIBEN.MPF;              ;1;  G17;1;977;1;                          1 Hole;Y           ;30;30,012;0,012;mm
20.11.2019;12:15:15;                      REIBEN.MPF;              ;1;  G17;1;977;1;                          1 Hole;Diameter    ;12,009;12,018;0,009;mm
20.11.2019;12:15:20;                      REIBEN.MPF;              ;1;  G17;1;977;1;                          1 Hole;X           ;75;74,984;-0,016;mm
20.11.2019;12:15:20;                      REIBEN.MPF;              ;1;  G17;1;977;1;                          1 Hole;Y           ;30;30,006;0,006;mm
20.11.2019;12:15:20;                      REIBEN.MPF;              ;1;  G17;1;977;1;                          1 Hole;Diameter    ;12,009;12,019;0,01;mm
20.11.2019;12:15:25;                      REIBEN.MPF;              ;1;  G17;1;977;1;                          1 Hole;X           ;90;89,998;-0,002;mm
20.11.2019;12:15:25;                      REIBEN.MPF;              ;1;  G17;1;977;1;                          1 Hole;Y           ;30;30,009;0,009;mm
20.11.2019;12:15:25;                      REIBEN.MPF;              ;1;  G17;1;977;1;                          1 Hole;Diameter    ;12,009;12,019;0,01;mm
20.11.2019;12:15:30;                      REIBEN.MPF;              ;1;  G17;1;977;1;                          1 Hole;X           ;105;104,994;-0,006;mm
20.11.2019;12:15:30;                      REIBEN.MPF;              ;1;  G17;1;977;1;                          1 Hole;Y           ;30;30;0;mm
20.11.2019;12:15:30;                      REIBEN.MPF;              ;1;  G17;1;977;1;                          1 Hole;Diameter    ;12,009;12,017;0,008;mm
20.11.2019;12:15:35;                      REIBEN.MPF;              ;1;  G17;1;977;1;                          1 Hole;X           ;120;119,992;-0,008;mm
20.11.2019;12:15:35;                      REIBEN.MPF;              ;1;  G17;1;977;1;                          1 Hole;Y           ;30;30,011;0,011;mm
20.11.2019;12:15:35;                      REIBEN.MPF;              ;1;  G17;1;977;1;                          1 Hole;Diameter    ;12,009;12,017;0,008;mm
20.11.2019;12:15:40;                      REIBEN.MPF;              ;1;  G17;1;977;1;                          1 Hole;X           ;135;135,012;0,012;mm
20.11.2019;12:15:40;                      REIBEN.MPF;              ;1;  G17;1;977;1;                          1 Hole;Y           ;30;29,994;-0,006;mm
20.11.2019;12:15:40;                      REIBEN.MPF;              ;1;  G17;1;977;1;                          1 Hole;Diameter    ;12,009;12,021;0,012;mm
20.11.2019;12:15:48;                      REIBEN.MPF;              ;1;  G17;1;977;1;                          1 Hole;X           ;15;14,998;-0,002;mm
20.11.2019;12:15:48;                      REIBEN.MPF;              ;1;  G17;1;977;1;                          1 Hole;Y           ;45;45,001;0,001;mm
20.11.2019;12:15:48;                      REIBEN.MPF;              ;1;  G17;1;977;1;                          1 Hole;Diameter    ;12,009;12,021;0,012;mm
20.11.2019;12:15:53;                      REIBEN.MPF;              ;1;  G17;1;977;1;                          1 Hole;X           ;30;30,002;0,002;mm
20.11.2019;12:15:53;                      REIBEN.MPF;              ;1;  G17;1;977;1;                          1 Hole;Y           ;45;44,993;-0,007;mm
20.11.2019;12:15:53;                      REIBEN.MPF;              ;1;  G17;1;977;1;                          1 Hole;Diameter    ;12,009;12,021;0,012;mm
20.11.2019;12:15:58;                      REIBEN.MPF;              ;1;  G17;1;977;1;                          1 Hole;X           ;45;44,99;-0,01;mm
20.11.2019;12:15:58;                      REIBEN.MPF;              ;1;  G17;1;977;1;                          1 Hole;Y           ;45;45,008;0,008;mm
20.11.2019;12:15:58;                      REIBEN.MPF;              ;1;  G17;1;977;1;                          1 Hole;Diameter    ;12,009;12,016;0,007;mm
20.11.2019;12:16:02;                      REIBEN.MPF;              ;1;  G17;1;977;1;                          1 Hole;X           ;60;60,007;0,007;mm
20.11.2019;12:16:02;                      REIBEN.MPF;              ;1;  G17;1;977;1;                          1 Hole;Y           ;45;45,013;0,013;mm
20.11.2019;12:16:02;                      REIBEN.MPF;              ;1;  G17;1;977;1;                          1 Hole;Diameter    ;12,009;12,017;0,008;mm
20.11.2019;12:16:07;                      REIBEN.MPF;              ;1;  G17;1;977;1;                          1 Hole;X           ;75;74,984;-0,016;mm
20.11.2019;12:16:07;                      REIBEN.MPF;              ;1;  G17;1;977;1;                          1 Hole;Y           ;45;45,014;0,014;mm
20.11.2019;12:16:07;                      REIBEN.MPF;              ;1;  G17;1;977;1;                          1 Hole;Diameter    ;12,009;12,02;0,011;mm
20.11.2019;12:16:12;                      REIBEN.MPF;              ;1;  G17;1;977;1;                          1 Hole;X           ;90;89,996;-0,004;mm
20.11.2019;12:16:12;                      REIBEN.MPF;              ;1;  G17;1;977;1;                          1 Hole;Y           ;45;44,998;-0,002;mm
20.11.2019;12:16:12;                      REIBEN.MPF;              ;1;  G17;1;977;1;                          1 Hole;Diameter    ;12,009;12,017;0,008;mm
20.11.2019;12:16:17;                      REIBEN.MPF;              ;1;  G17;1;977;1;                          1 Hole;X           ;105;105,002;0,002;mm
20.11.2019;12:16:17;                      REIBEN.MPF;              ;1;  G17;1;977;1;                          1 Hole;Y           ;45;44,996;-0,004;mm
20.11.2019;12:16:17;                      REIBEN.MPF;              ;1;  G17;1;977;1;                          1 Hole;Diameter    ;12,009;12,019;0,01;mm
20.11.2019;12:16:22;                      REIBEN.MPF;              ;1;  G17;1;977;1;                          1 Hole;X           ;120;120,002;0,002;mm
20.11.2019;12:16:22;                      REIBEN.MPF;              ;1;  G17;1;977;1;                          1 Hole;Y           ;45;44,994;-0,006;mm
20.11.2019;12:16:22;                      REIBEN.MPF;              ;1;  G17;1;977;1;                          1 Hole;Diameter    ;12,009;12,019;0,01;mm
20.11.2019;12:16:27;                      REIBEN.MPF;              ;1;  G17;1;977;1;                          1 Hole;X           ;135;135,005;0,005;mm
20.11.2019;12:16:27;                      REIBEN.MPF;              ;1;  G17;1;977;1;                          1 Hole;Y           ;45;44,999;0;mm
20.11.2019;12:16:27;                      REIBEN.MPF;              ;1;  G17;1;977;1;                          1 Hole;Diameter    ;12,009;12,019;0,01;mm
20.11.2019;12:16:35;                      REIBEN.MPF;              ;1;  G17;1;977;1;                          1 Hole;X           ;15;14,99;-0,01;mm
20.11.2019;12:16:35;                      REIBEN.MPF;              ;1;  G17;1;977;1;                          1 Hole;Y           ;60;60,002;0,002;mm
20.11.2019;12:16:35;                      REIBEN.MPF;              ;1;  G17;1;977;1;                          1 Hole;Diameter    ;12,009;12,019;0,01;mm
20.11.2019;12:16:40;                      REIBEN.MPF;              ;1;  G17;1;977;1;                          1 Hole;X           ;30;29,987;-0,013;mm
20.11.2019;12:16:40;                      REIBEN.MPF;              ;1;  G17;1;977;1;                          1 Hole;Y           ;60;60,002;0,002;mm
20.11.2019;12:16:40;                      REIBEN.MPF;              ;1;  G17;1;977;1;                          1 Hole;Diameter    ;12,009;12,019;0,01;mm
20.11.2019;12:16:45;                      REIBEN.MPF;              ;1;  G17;1;977;1;                          1 Hole;X           ;45;44,98;-0,02;mm
20.11.2019;12:16:45;                      REIBEN.MPF;              ;1;  G17;1;977;1;                          1 Hole;Y           ;60;60,005;0,005;mm
20.11.2019;12:16:45;                      REIBEN.MPF;              ;1;  G17;1;977;1;                          1 Hole;Diameter    ;12,009;12,018;0,009;mm
20.11.2019;12:16:50;                      REIBEN.MPF;              ;1;  G17;1;977;1;                          1 Hole;X           ;60;60,006;0,006;mm
20.11.2019;12:16:50;                      REIBEN.MPF;              ;1;  G17;1;977;1;                          1 Hole;Y           ;60;60,001;0,001;mm
20.11.2019;12:16:50;                      REIBEN.MPF;              ;1;  G17;1;977;1;                          1 Hole;Diameter    ;12,009;12,019;0,01;mm
20.11.2019;12:16:54;                      REIBEN.MPF;              ;1;  G17;1;977;1;                          1 Hole;X           ;75;74,99;-0,01;mm
20.11.2019;12:16:54;                      REIBEN.MPF;              ;1;  G17;1;977;1;                          1 Hole;Y           ;60;60,01;0,01;mm
20.11.2019;12:16:54;                      REIBEN.MPF;              ;1;  G17;1;977;1;                          1 Hole;Diameter    ;12,009;12,016;0,007;mm
20.11.2019;12:16:59;                      REIBEN.MPF;              ;1;  G17;1;977;1;                          1 Hole;X           ;90;89,982;-0,018;mm
20.11.2019;12:16:59;                      REIBEN.MPF;              ;1;  G17;1;977;1;                          1 Hole;Y           ;60;59,985;-0,015;mm
20.11.2019;12:16:59;                      REIBEN.MPF;              ;1;  G17;1;977;1;                          1 Hole;Diameter    ;12,009;12,018;0,009;mm
20.11.2019;12:17:04;                      REIBEN.MPF;              ;1;  G17;1;977;1;                          1 Hole;X           ;105;104,986;-0,014;mm
20.11.2019;12:17:04;                      REIBEN.MPF;              ;1;  G17;1;977;1;                          1 Hole;Y           ;60;60;0;mm
20.11.2019;12:17:04;                      REIBEN.MPF;              ;1;  G17;1;977;1;                          1 Hole;Diameter    ;12,009;12,02;0,011;mm
20.11.2019;12:17:09;                      REIBEN.MPF;              ;1;  G17;1;977;1;                          1 Hole;X           ;120;119,992;-0,008;mm
20.11.2019;12:17:09;                      REIBEN.MPF;              ;1;  G17;1;977;1;                          1 Hole;Y           ;60;59,998;-0,002;mm
20.11.2019;12:17:09;                      REIBEN.MPF;              ;1;  G17;1;977;1;                          1 Hole;Diameter    ;12,009;12,018;0,009;mm
20.11.2019;12:17:14;                      REIBEN.MPF;              ;1;  G17;1;977;1;                          1 Hole;X           ;135;134,993;-0,007;mm
20.11.2019;12:17:14;                      REIBEN.MPF;              ;1;  G17;1;977;1;                          1 Hole;Y           ;60;60,004;0,004;mm
20.11.2019;12:17:14;                      REIBEN.MPF;              ;1;  G17;1;977;1;                          1 Hole;Diameter    ;12,009;12,019;0,01;mm
20.11.2019;12:17:22;                      REIBEN.MPF;              ;1;  G17;1;977;1;                          1 Hole;X           ;15;14,996;-0,004;mm
20.11.2019;12:17:22;                      REIBEN.MPF;              ;1;  G17;1;977;1;                          1 Hole;Y           ;75;74,999;0;mm
20.11.2019;12:17:22;                      REIBEN.MPF;              ;1;  G17;1;977;1;                          1 Hole;Diameter    ;12,009;12,019;0,01;mm
20.11.2019;12:17:27;                      REIBEN.MPF;              ;1;  G17;1;977;1;                          1 Hole;X           ;30;29,98;-0,02;mm
20.11.2019;12:17:27;                      REIBEN.MPF;              ;1;  G17;1;977;1;                          1 Hole;Y           ;75;75,006;0,006;mm
20.11.2019;12:17:27;                      REIBEN.MPF;              ;1;  G17;1;977;1;                          1 Hole;Diameter    ;12,009;12,017;0,008;mm
20.11.2019;12:17:32;                      REIBEN.MPF;              ;1;  G17;1;977;1;                          1 Hole;X           ;45;45,003;0,003;mm
20.11.2019;12:17:32;                      REIBEN.MPF;              ;1;  G17;1;977;1;                          1 Hole;Y           ;75;74,989;-0,011;mm
20.11.2019;12:17:32;                      REIBEN.MPF;              ;1;  G17;1;977;1;                          1 Hole;Diameter    ;12,009;12,02;0,011;mm
20.11.2019;12:17:37;                      REIBEN.MPF;              ;1;  G17;1;977;1;                          1 Hole;X           ;60;59,987;-0,013;mm
20.11.2019;12:17:37;                      REIBEN.MPF;              ;1;  G17;1;977;1;                          1 Hole;Y           ;75;75,02;0,02;mm
20.11.2019;12:17:37;                      REIBEN.MPF;              ;1;  G17;1;977;1;                          1 Hole;Diameter    ;12,009;12,016;0,007;mm
20.11.2019;12:17:42;                      REIBEN.MPF;              ;1;  G17;1;977;1;                          1 Hole;X           ;75;75,018;0,018;mm
20.11.2019;12:17:42;                      REIBEN.MPF;              ;1;  G17;1;977;1;                          1 Hole;Y           ;75;75,045;0,045;mm
20.11.2019;12:17:42;                      REIBEN.MPF;              ;1;  G17;1;977;1;                          1 Hole;Diameter    ;12,009;12,018;0,009;mm
20.11.2019;12:17:46;                      REIBEN.MPF;              ;1;  G17;1;977;1;                          1 Hole;X           ;90;89,985;-0,015;mm
20.11.2019;12:17:46;                      REIBEN.MPF;              ;1;  G17;1;977;1;                          1 Hole;Y           ;75;75,001;0,001;mm
20.11.2019;12:17:46;                      REIBEN.MPF;              ;1;  G17;1;977;1;                          1 Hole;Diameter    ;12,009;12,019;0,01;mm
20.11.2019;12:17:51;                      REIBEN.MPF;              ;1;  G17;1;977;1;                          1 Hole;X           ;105;105,008;0,008;mm
20.11.2019;12:17:51;                      REIBEN.MPF;              ;1;  G17;1;977;1;                          1 Hole;Y           ;75;74,99;-0,01;mm
20.11.2019;12:17:51;                      REIBEN.MPF;              ;1;  G17;1;977;1;                          1 Hole;Diameter    ;12,009;12,02;0,011;mm
20.11.2019;12:17:56;                      REIBEN.MPF;              ;1;  G17;1;977;1;                          1 Hole;X           ;120;119,989;-0,011;mm
20.11.2019;12:17:56;                      REIBEN.MPF;              ;1;  G17;1;977;1;                          1 Hole;Y           ;75;74,999;0;mm
20.11.2019;12:17:56;                      REIBEN.MPF;              ;1;  G17;1;977;1;                          1 Hole;Diameter    ;12,009;12,018;0,009;mm
20.11.2019;12:18:01;                      REIBEN.MPF;              ;1;  G17;1;977;1;                          1 Hole;X           ;135;134,998;-0,002;mm
20.11.2019;12:18:01;                      REIBEN.MPF;              ;1;  G17;1;977;1;                          1 Hole;Y           ;75;75,004;0,004;mm
20.11.2019;12:18:01;                      REIBEN.MPF;              ;1;  G17;1;977;1;                          1 Hole;Diameter    ;12,009;12,021;0,012;mm
20.11.2019;12:18:09;                      REIBEN.MPF;              ;1;  G17;1;977;1;                          1 Hole;X           ;15;14,993;-0,007;mm
20.11.2019;12:18:09;                      REIBEN.MPF;              ;1;  G17;1;977;1;                          1 Hole;Y           ;90;90;0;mm
20.11.2019;12:18:09;                      REIBEN.MPF;              ;1;  G17;1;977;1;                          1 Hole;Diameter    ;12,009;12,021;0,012;mm
20.11.2019;12:18:14;                      REIBEN.MPF;              ;1;  G17;1;977;1;                          1 Hole;X           ;30;29,981;-0,019;mm
20.11.2019;12:18:14;                      REIBEN.MPF;              ;1;  G17;1;977;1;                          1 Hole;Y           ;90;90,013;0,013;mm
20.11.2019;12:18:14;                      REIBEN.MPF;              ;1;  G17;1;977;1;                          1 Hole;Diameter    ;12,009;12,018;0,009;mm
20.11.2019;12:18:19;                      REIBEN.MPF;              ;1;  G17;1;977;1;                          1 Hole;X           ;45;44,994;-0,006;mm
20.11.2019;12:18:19;                      REIBEN.MPF;              ;1;  G17;1;977;1;                          1 Hole;Y           ;90;90,004;0,004;mm
20.11.2019;12:18:19;                      REIBEN.MPF;              ;1;  G17;1;977;1;                          1 Hole;Diameter    ;12,009;12,019;0,01;mm
20.11.2019;12:18:24;                      REIBEN.MPF;              ;1;  G17;1;977;1;                          1 Hole;X           ;60;60;0;mm
20.11.2019;12:18:24;                      REIBEN.MPF;              ;1;  G17;1;977;1;                          1 Hole;Y           ;90;89,997;-0,003;mm
20.11.2019;12:18:24;                      REIBEN.MPF;              ;1;  G17;1;977;1;                          1 Hole;Diameter    ;12,009;12,019;0,01;mm
20.11.2019;12:18:29;                      REIBEN.MPF;              ;1;  G17;1;977;1;                          1 Hole;X           ;75;75,003;0,003;mm
20.11.2019;12:18:29;                      REIBEN.MPF;              ;1;  G17;1;977;1;                          1 Hole;Y           ;90;89,994;-0,006;mm
20.11.2019;12:18:29;                      REIBEN.MPF;              ;1;  G17;1;977;1;                          1 Hole;Diameter    ;12,009;12,015;0,006;mm
20.11.2019;12:18:34;                      REIBEN.MPF;              ;1;  G17;1;977;1;                          1 Hole;X           ;90;89,99;-0,01;mm
20.11.2019;12:18:34;                      REIBEN.MPF;              ;1;  G17;1;977;1;                          1 Hole;Y           ;90;89,992;-0,008;mm
20.11.2019;12:18:34;                      REIBEN.MPF;              ;1;  G17;1;977;1;                          1 Hole;Diameter    ;12,009;12,015;0,006;mm
20.11.2019;12:18:38;                      REIBEN.MPF;              ;1;  G17;1;977;1;                          1 Hole;X           ;105;105,005;0,005;mm
20.11.2019;12:18:38;                      REIBEN.MPF;              ;1;  G17;1;977;1;                          1 Hole;Y           ;90;90;0;mm
20.11.2019;12:18:38;                      REIBEN.MPF;              ;1;  G17;1;977;1;                          1 Hole;Diameter    ;12,009;12,017;0,008;mm
20.11.2019;12:18:43;                      REIBEN.MPF;              ;1;  G17;1;977;1;                          1 Hole;X           ;120;119,994;-0,006;mm
20.11.2019;12:18:43;                      REIBEN.MPF;              ;1;  G17;1;977;1;                          1 Hole;Y           ;90;90,011;0,011;mm
20.11.2019;12:18:43;                      REIBEN.MPF;              ;1;  G17;1;977;1;                          1 Hole;Diameter    ;12,009;12,015;0,006;mm
20.11.2019;12:18:48;                      REIBEN.MPF;              ;1;  G17;1;977;1;                          1 Hole;X           ;135;134,999;0;mm
20.11.2019;12:18:48;                      REIBEN.MPF;              ;1;  G17;1;977;1;                          1 Hole;Y           ;90;90,007;0,007;mm
20.11.2019;12:18:48;                      REIBEN.MPF;              ;1;  G17;1;977;1;                          1 Hole;Diameter    ;12,009;12,018;0,009;mm
20.11.2019;12:18:56;                      REIBEN.MPF;              ;1;  G17;1;977;1;                          1 Hole;X           ;15;14,995;-0,005;mm
20.11.2019;12:18:56;                      REIBEN.MPF;              ;1;  G17;1;977;1;                          1 Hole;Y           ;105;104,998;-0,002;mm
20.11.2019;12:18:56;                      REIBEN.MPF;              ;1;  G17;1;977;1;                          1 Hole;Diameter    ;12,009;12,02;0,011;mm
20.11.2019;12:19:01;                      REIBEN.MPF;              ;1;  G17;1;977;1;                          1 Hole;X           ;30;30,002;0,002;mm
20.11.2019;12:19:01;                      REIBEN.MPF;              ;1;  G17;1;977;1;                          1 Hole;Y           ;105;105,001;0,001;mm
20.11.2019;12:19:01;                      REIBEN.MPF;              ;1;  G17;1;977;1;                          1 Hole;Diameter    ;12,009;12,019;0,01;mm
20.11.2019;12:19:06;                      REIBEN.MPF;              ;1;  G17;1;977;1;                          1 Hole;X           ;45;44,978;-0,022;mm
20.11.2019;12:19:06;                      REIBEN.MPF;              ;1;  G17;1;977;1;                          1 Hole;Y           ;105;104,998;-0,002;mm
20.11.2019;12:19:06;                      REIBEN.MPF;              ;1;  G17;1;977;1;                          1 Hole;Diameter    ;12,009;12,017;0,008;mm
20.11.2019;12:19:12;                      REIBEN.MPF;              ;1;  G17;1;977;1;                          1 Hole;X           ;60;59,993;-0,007;mm
20.11.2019;12:19:12;                      REIBEN.MPF;              ;1;  G17;1;977;1;                          1 Hole;Y           ;105;104,988;-0,012;mm
20.11.2019;12:19:12;                      REIBEN.MPF;              ;1;  G17;1;977;1;                          1 Hole;Diameter    ;12,009;12,018;0,009;mm
20.11.2019;12:19:17;                      REIBEN.MPF;              ;1;  G17;1;977;1;                          1 Hole;X           ;75;74,977;-0,023;mm
20.11.2019;12:19:17;                      REIBEN.MPF;              ;1;  G17;1;977;1;                          1 Hole;Y           ;105;105,006;0,006;mm
20.11.2019;12:19:17;                      REIBEN.MPF;              ;1;  G17;1;977;1;                          1 Hole;Diameter    ;12,009;12,019;0,01;mm
20.11.2019;12:19:21;                      REIBEN.MPF;              ;1;  G17;1;977;1;                          1 Hole;X           ;90;89,996;-0,004;mm
20.11.2019;12:19:21;                      REIBEN.MPF;              ;1;  G17;1;977;1;                          1 Hole;Y           ;105;104,995;-0,005;mm
20.11.2019;12:19:21;                      REIBEN.MPF;              ;1;  G17;1;977;1;                          1 Hole;Diameter    ;12,009;12,02;0,011;mm
20.11.2019;12:19:26;                      REIBEN.MPF;              ;1;  G17;1;977;1;                          1 Hole;X           ;105;104,986;-0,014;mm
20.11.2019;12:19:26;                      REIBEN.MPF;              ;1;  G17;1;977;1;                          1 Hole;Y           ;105;105,011;0,011;mm
20.11.2019;12:19:26;                      REIBEN.MPF;              ;1;  G17;1;977;1;                          1 Hole;Diameter    ;12,009;12,021;0,012;mm
20.11.2019;12:19:31;                      REIBEN.MPF;              ;1;  G17;1;977;1;                          1 Hole;X           ;120;119,994;-0,006;mm
20.11.2019;12:19:31;                      REIBEN.MPF;              ;1;  G17;1;977;1;                          1 Hole;Y           ;105;105,005;0,005;mm
20.11.2019;12:19:31;                      REIBEN.MPF;              ;1;  G17;1;977;1;                          1 Hole;Diameter    ;12,009;12,018;0,009;mm
20.11.2019;12:19:36;                      REIBEN.MPF;              ;1;  G17;1;977;1;                          1 Hole;X           ;135;134,985;-0,015;mm
20.11.2019;12:19:36;                      REIBEN.MPF;              ;1;  G17;1;977;1;                          1 Hole;Y           ;105;105,011;0,011;mm
20.11.2019;12:19:36;                      REIBEN.MPF;              ;1;  G17;1;977;1;                          1 Hole;Diameter    ;12,009;12,019;0,01;mm
20.11.2019;12:19:44;                      REIBEN.MPF;              ;1;  G17;1;977;1;                          1 Hole;X           ;15;15,013;0,013;mm
20.11.2019;12:19:44;                      REIBEN.MPF;              ;1;  G17;1;977;1;                          1 Hole;Y           ;120;120,022;0,022;mm
20.11.2019;12:19:44;                      REIBEN.MPF;              ;1;  G17;1;977;1;                          1 Hole;Diameter    ;12,009;12,019;0,01;mm
20.11.2019;12:19:49;                      REIBEN.MPF;              ;1;  G17;1;977;1;                          1 Hole;X           ;30;29,996;-0,004;mm
20.11.2019;12:19:49;                      REIBEN.MPF;              ;1;  G17;1;977;1;                          1 Hole;Y           ;120;119,994;-0,006;mm
20.11.2019;12:19:49;                      REIBEN.MPF;              ;1;  G17;1;977;1;                          1 Hole;Diameter    ;12,009;12,018;0,009;mm
20.11.2019;12:19:54;                      REIBEN.MPF;              ;1;  G17;1;977;1;                          1 Hole;X           ;45;44,987;-0,013;mm
20.11.2019;12:19:54;                      REIBEN.MPF;              ;1;  G17;1;977;1;                          1 Hole;Y           ;120;120,005;0,005;mm
20.11.2019;12:19:54;                      REIBEN.MPF;              ;1;  G17;1;977;1;                          1 Hole;Diameter    ;12,009;12,02;0,011;mm
20.11.2019;12:19:59;                      REIBEN.MPF;              ;1;  G17;1;977;1;                          1 Hole;X           ;60;59,989;-0,011;mm
20.11.2019;12:19:59;                      REIBEN.MPF;              ;1;  G17;1;977;1;                          1 Hole;Y           ;120;120,014;0,014;mm
20.11.2019;12:19:59;                      REIBEN.MPF;              ;1;  G17;1;977;1;                          1 Hole;Diameter    ;12,009;12,021;0,012;mm
20.11.2019;12:20:04;                      REIBEN.MPF;              ;1;  G17;1;977;1;                          1 Hole;X           ;75;74,986;-0,014;mm
20.11.2019;12:20:04;                      REIBEN.MPF;              ;1;  G17;1;977;1;                          1 Hole;Y           ;120;120,016;0,016;mm
20.11.2019;12:20:04;                      REIBEN.MPF;              ;1;  G17;1;977;1;                          1 Hole;Diameter    ;12,009;12,019;0,01;mm
20.11.2019;12:20:09;                      REIBEN.MPF;              ;1;  G17;1;977;1;                          1 Hole;X           ;90;89,998;-0,002;mm
20.11.2019;12:20:09;                      REIBEN.MPF;              ;1;  G17;1;977;1;                          1 Hole;Y           ;120;120,011;0,011;mm
20.11.2019;12:20:09;                      REIBEN.MPF;              ;1;  G17;1;977;1;                          1 Hole;Diameter    ;12,009;12,02;0,011;mm
20.11.2019;12:20:13;                      REIBEN.MPF;              ;1;  G17;1;977;1;                          1 Hole;X           ;105;104,99;-0,01;mm
20.11.2019;12:20:13;                      REIBEN.MPF;              ;1;  G17;1;977;1;                          1 Hole;Y           ;120;120,008;0,008;mm
20.11.2019;12:20:13;                      REIBEN.MPF;              ;1;  G17;1;977;1;                          1 Hole;Diameter    ;12,009;12,02;0,011;mm
20.11.2019;12:20:18;                      REIBEN.MPF;              ;1;  G17;1;977;1;                          1 Hole;X           ;120;119,988;-0,012;mm
20.11.2019;12:20:18;                      REIBEN.MPF;              ;1;  G17;1;977;1;                          1 Hole;Y           ;120;119,992;-0,008;mm
20.11.2019;12:20:18;                      REIBEN.MPF;              ;1;  G17;1;977;1;                          1 Hole;Diameter    ;12,009;12,018;0,009;mm
20.11.2019;12:20:23;                      REIBEN.MPF;              ;1;  G17;1;977;1;                          1 Hole;X           ;135;134,991;-0,009;mm
20.11.2019;12:20:23;                      REIBEN.MPF;              ;1;  G17;1;977;1;                          1 Hole;Y           ;120;120,002;0,002;mm
20.11.2019;12:20:23;                      REIBEN.MPF;              ;1;  G17;1;977;1;                          1 Hole;Diameter    ;12,009;12,019;0,01;mm
20.11.2019;12:20:31;                      REIBEN.MPF;              ;1;  G17;1;977;1;                          1 Hole;X           ;15;14,995;-0,005;mm
20.11.2019;12:20:31;                      REIBEN.MPF;              ;1;  G17;1;977;1;                          1 Hole;Y           ;135;134,995;-0,005;mm
20.11.2019;12:20:31;                      REIBEN.MPF;              ;1;  G17;1;977;1;                          1 Hole;Diameter    ;12,009;12,02;0,011;mm
20.11.2019;12:20:36;                      REIBEN.MPF;              ;1;  G17;1;977;1;                          1 Hole;X           ;30;29,988;-0,012;mm
20.11.2019;12:20:36;                      REIBEN.MPF;              ;1;  G17;1;977;1;                          1 Hole;Y           ;135;135,001;0;mm
20.11.2019;12:20:36;                      REIBEN.MPF;              ;1;  G17;1;977;1;                          1 Hole;Diameter    ;12,009;12,018;0,009;mm
20.11.2019;12:20:41;                      REIBEN.MPF;              ;1;  G17;1;977;1;                          1 Hole;X           ;45;45,002;0,002;mm
20.11.2019;12:20:41;                      REIBEN.MPF;              ;1;  G17;1;977;1;                          1 Hole;Y           ;135;134,991;-0,009;mm
20.11.2019;12:20:41;                      REIBEN.MPF;              ;1;  G17;1;977;1;                          1 Hole;Diameter    ;12,009;12,018;0,009;mm
20.11.2019;12:20:46;                      REIBEN.MPF;              ;1;  G17;1;977;1;                          1 Hole;X           ;60;59,983;-0,017;mm
20.11.2019;12:20:46;                      REIBEN.MPF;              ;1;  G17;1;977;1;                          1 Hole;Y           ;135;134,992;-0,008;mm
20.11.2019;12:20:46;                      REIBEN.MPF;              ;1;  G17;1;977;1;                          1 Hole;Diameter    ;12,009;12,018;0,009;mm
20.11.2019;12:20:51;                      REIBEN.MPF;              ;1;  G17;1;977;1;                          1 Hole;X           ;75;74,988;-0,012;mm
20.11.2019;12:20:51;                      REIBEN.MPF;              ;1;  G17;1;977;1;                          1 Hole;Y           ;135;135,004;0,004;mm
20.11.2019;12:20:51;                      REIBEN.MPF;              ;1;  G17;1;977;1;                          1 Hole;Diameter    ;12,009;12,018;0,009;mm
20.11.2019;12:20:56;                      REIBEN.MPF;              ;1;  G17;1;977;1;                          1 Hole;X           ;90;89,982;-0,018;mm
20.11.2019;12:20:56;                      REIBEN.MPF;              ;1;  G17;1;977;1;                          1 Hole;Y           ;135;134,997;-0,003;mm
20.11.2019;12:20:56;                      REIBEN.MPF;              ;1;  G17;1;977;1;                          1 Hole;Diameter    ;12,009;12,017;0,008;mm
20.11.2019;12:21:01;                      REIBEN.MPF;              ;1;  G17;1;977;1;                          1 Hole;X           ;105;105,001;0,001;mm
20.11.2019;12:21:01;                      REIBEN.MPF;              ;1;  G17;1;977;1;                          1 Hole;Y           ;135;135,006;0,006;mm
20.11.2019;12:21:01;                      REIBEN.MPF;              ;1;  G17;1;977;1;                          1 Hole;Diameter    ;12,009;12,018;0,009;mm
20.11.2019;12:21:06;                      REIBEN.MPF;              ;1;  G17;1;977;1;                          1 Hole;X           ;120;120,005;0,005;mm
20.11.2019;12:21:06;                      REIBEN.MPF;              ;1;  G17;1;977;1;                          1 Hole;Y           ;135;135,001;0;mm
20.11.2019;12:21:06;                      REIBEN.MPF;              ;1;  G17;1;977;1;                          1 Hole;Diameter    ;12,009;12,018;0,009;mm
20.11.2019;12:21:10;                      REIBEN.MPF;              ;1;  G17;1;977;1;                          1 Hole;X           ;135;134,987;-0,013;mm
20.11.2019;12:21:10;                      REIBEN.MPF;              ;1;  G17;1;977;1;                          1 Hole;Y           ;135;135,012;0,012;mm
20.11.2019;12:21:10;                      REIBEN.MPF;              ;1;  G17;1;977;1;                          1 Hole;Diameter    ;12,009;12,018;0,009;mm
;;;;;;;;;;;;;;
;;;;;;;;;;;;;;
;;;;;;;;;;;;;;
;;;;;;;;;;;;;;
;;;;;;;;;;;;;;
;;;;;;;;;;;;;;
;;;;;;;;;;;;;;
;;;;;;;;;;;;;;
;;;;;;;;;;;;;;
;;;;;;;;;;;;;;
;;;;;;;;;;;;;;
;;;;;;;;;;;;;;
;;;;;;;;;;;;;;
;;;;;;;;;;;;;;
;;;;;;;;;;;;;;
;;;;;;;;;;;;;;
;;;;;;;;;;;;;;
;;;;;;;;;;;;;;
;;;;;;;;;;;;;;
;;;;;;;;;;;;;;
;;;;;;;;;;;;;;
;;;;;;;;;;;;;;
;;;;;;;;;;;;;;
;;;;;;;;;;;;;;
;;;;;;;;;;;;;;
;;;;;;;;;;;;;;
;;;;;;;;;;;;;;
;;;;;;;;;;;;;;
;;;;;;;;;;;;;;
;;;;;;;;;;;;;;
;;;;;;;;;;;;;;
;;;;;;;;;;;;;;
;;;;;;;;;;;;;;
;;;;;;;;;;;;;;
;;;;;;;;;;;;;;
;;;;;;;;;;;;;;
;;;;;;;;;;;;;;
;;;;;;;;;;;;;;
;;;;;;;;;;;;;;
;;;;;;;;;;;;;;
;;;;;;;;;;;;;;
;;;;;;;;;;;;;;
;;;;;;;;;;;;;;
;;;;;;;;;;;;;;
;;;;;;;;;;;;;;
;;;;;;;;;;;;;;
;;;;;;;;;;;;;;
;;;;;;;;;;;;;;
;;;;;;;;;;;;;;
;;;;;;;;;;;;;;
;;;;;;;;;;;;;;
;;;;;;;;;;;;;;
;;;;;;;;;;;;;;
;;;;;;;;;;;;;;
;;;;;;;;;;;;;;
;;;;;;;;;;;;;;
;;;;;;;;;;;;;;
;;;;;;;;;;;;;;
;;;;;;;;;;;;;;
;;;;;;;;;;;;;;
;;;;;;;;;;;;;;
;;;;;;;;;;;;;;
;;;;;;;;;;;;;;
;;;;;;;;;;;;;;
;;;;;;;;;;;;;;
;;;;;;;;;;;;;;
;;;;;;;;;;;;;;
;;;;;;;;;;;;;;
;;;;;;;;;;;;;;
;;;;;;;;;;;;;;
;;;;;;;;;;;;;;
;;;;;;;;;;;;;;
;;;;;;;;;;;;;;
;;;;;;;;;;;;;;
;;;;;;;;;;;;;;
;;;;;;;;;;;;;;
;;;;;;;;;;;;;;
;;;;;;;;;;;;;;
;;;;;;;;;;;;;;
;;;;;;;;;;;;;;
;;;;;;;;;;;;;;
;;;;;;;;;;;;;;
;;;;;;;;;;;;;;
;;;;;;;;;;;;;;
;;;;;;;;;;;;;;
;;;;;;;;;;;;;;
;;;;;;;;;;;;;;
;;;;;;;;;;;;;;
;;;;;;;;;;;;;;
;;;;;;;;;;;;;;
;;;;;;;;;;;;;;
;;;;;;;;;;;;;;
;;;;;;;;;;;;;;
;;;;;;;;;;;;;;
;;;;;;;;;;;;;;
;;;;;;;;;;;;;;
;;;;;;;;;;;;;;
;;;;;;;;;;;;;;
;;;;;;;;;;;;;;
;;;;;;;;;;;;;;
;;;;;;;;;;;;;;
;;;;;;;;;;;;;;
;;;;;;;;;;;;;;
;;;;;;;;;;;;;;
;;;;;;;;;;;;;;
;;;;;;;;;;;;;;
;;;;;;;;;;;;;;
;;;;;;;;;;;;;;
;;;;;;;;;;;;;;
;;;;;;;;;;;;;;
;;;;;;;;;;;;;;
;;;;;;;;;;;;;;
;;;;;;;;;;;;;;
;;;;;;;;;;;;;;
;;;;;;;;;;;;;;
;;;;;;;;;;;;;;
;;;;;;;;;;;;;;
;;;;;;;;;;;;;;
;;;;;;;;;;;;;;
;;;;;;;;;;;;;;
;;;;;;;;;;;;;;
;;;;;;;;;;;;;;
;;;;;;;;;;;;;;
;;;;;;;;;;;;;;
;;;;;;;;;;;;;;
;;;;;;;;;;;;;;
;;;;;;;;;;;;;;
;;;;;;;;;;;;;;
;;;;;;;;;;;;;;
;;;;;;;;;;;;;;
;;;;;;;;;;;;;;
;;;;;;;;;;;;;;
;;;;;;;;;;;;;;
;;;;;;;;;;;;;;
;;;;;;;;;;;;;;
;;;;;;;;;;;;;;
;;;;;;;;;;;;;;
;;;;;;;;;;;;;;
;;;;;;;;;;;;;;
;;;;;;;;;;;;;;
;;;;;;;;;;;;;;
;;;;;;;;;;;;;;
;;;;;;;;;;;;;;
;;;;;;;;;;;;;;
;;;;;;;;;;;;;;
;;;;;;;;;;;;;;
;;;;;;;;;;;;;;
;;;;;;;;;;;;;;
;;;;;;;;;;;;;;
;;;;;;;;;;;;;;
;;;;;;;;;;;;;;
;;;;;;;;;;;;;;
;;;;;;;;;;;;;;
;;;;;;;;;;;;;;
;;;;;;;;;;;;;;
;;;;;;;;;;;;;;
;;;;;;;;;;;;;;
;;;;;;;;;;;;;;
;;;;;;;;;;;;;;
;;;;;;;;;;;;;;
;;;;;;;;;;;;;;
;;;;;;;;;;;;;;
;;;;;;;;;;;;;;
;;;;;;;;;;;;;;
;;;;;;;;;;;;;;
;;;;;;;;;;;;;;
;;;;;;;;;;;;;;
;;;;;;;;;;;;;;
;;;;;;;;;;;;;;
;;;;;;;;;;;;;;
;;;;;;;;;;;;;;
;;;;;;;;;;;;;;
;;;;;;;;;;;;;;
;;;;;;;;;;;;;;
;;;;;;;;;;;;;;
;;;;;;;;;;;;;;
;;;;;;;;;;;;;;
;;;;;;;;;;;;;;
;;;;;;;;;;;;;;
;;;;;;;;;;;;;;
;;;;;;;;;;;;;;
;;;;;;;;;;;;;;
;;;;;;;;;;;;;;
;;;;;;;;;;;;;;
;;;;;;;;;;;;;;
;;;;;;;;;;;;;;
;;;;;;;;;;;;;;
;;;;;;;;;;;;;;
;;;;;;;;;;;;;;
;;;;;;;;;;;;;;
;;;;;;;;;;;;;;
;;;;;;;;;;;;;;
;;;;;;;;;;;;;;
;;;;;;;;;;;;;;
;;;;;;;;;;;;;;
;;;;;;;;;;;;;;
;;;;;;;;;;;;;;
;;;;;;;;;;;;;;
;;;;;;;;;;;;;;
;;;;;;;;;;;;;;
;;;;;;;;;;;;;;
;;;;;;;;;;;;;;
;;;;;;;;;;;;;;
;;;;;;;;;;;;;;
;;;;;;;;;;;;;;
;;;;;;;;;;;;;;
;;;;;;;;;;;;;;
;;;;;;;;;;;;;;
;;;;;;;;;;;;;;
;;;;;;;;;;;;;;
;;;;;;;;;;;;;;
;;;;;;;;;;;;;;
;;;;;;;;;;;;;;
;;;;;;;;;;;;;;
;;;;;;;;;;;;;;
;;;;;;;;;;;;;;
;;;;;;;;;;;;;;
;;;;;;;;;;;;;;
;;;;;;;;;;;;;;
;;;;;;;;;;;;;;
;;;;;;;;;;;;;;
;;;;;;;;;;;;;;
;;;;;;;;;;;;;;
;;;;;;;;;;;;;;
;;;;;;;;;;;;;;
;;;;;;;;;;;;;;
;;;;;;;;;;;;;;
;;;;;;;;;;;;;;
;;;;;;;;;;;;;;
;;;;;;;;;;;;;;
;;;;;;;;;;;;;;
;;;;;;;;;;;;;;
;;;;;;;;;;;;;;
;;;;;;;;;;;;;;
;;;;;;;;;;;;;;
;;;;;;;;;;;;;;
;;;;;;;;;;;;;;
;;;;;;;;;;;;;;
;;;;;;;;;;;;;;
;;;;;;;;;;;;;;
;;;;;;;;;;;;;;
;;;;;;;;;;;;;;
;;;;;;;;;;;;;;
;;;;;;;;;;;;;;
;;;;;;;;;;;;;;
;;;;;;;;;;;;;;
;;;;;;;;;;;;;;
;;;;;;;;;;;;;;
;;;;;;;;;;;;;;
;;;;;;;;;;;;;;
;;;;;;;;;;;;;;
;;;;;;;;;;;;;;
;;;;;;;;;;;;;;
;;;;;;;;;;;;;;
;;;;;;;;;;;;;;
;;;;;;;;;;;;;;
;;;;;;;;;;;;;;
;;;;;;;;;;;;;;
;;;;;;;;;;;;;;
;;;;;;;;;;;;;;
;;;;;;;;;;;;;;
;;;;;;;;;;;;;;
;;;;;;;;;;;;;;
;;;;;;;;;;;;;;
;;;;;;;;;;;;;;
;;;;;;;;;;;;;;
;;;;;;;;;;;;;;
;;;;;;;;;;;;;;
;;;;;;;;;;;;;;
;;;;;;;;;;;;;;
;;;;;;;;;;;;;;
;;;;;;;;;;;;;;
;;;;;;;;;;;;;;
;;;;;;;;;;;;;;
;;;;;;;;;;;;;;
;;;;;;;;;;;;;;
;;;;;;;;;;;;;;
;;;;;;;;;;;;;;
;;;;;;;;;;;;;;
;;;;;;;;;;;;;;
;;;;;;;;;;;;;;
;;;;;;;;;;;;;;
;;;;;;;;;;;;;;
;;;;;;;;;;;;;;
;;;;;;;;;;;;;;
;;;;;;;;;;;;;;
;;;;;;;;;;;;;;
;;;;;;;;;;;;;;
;;;;;;;;;;;;;;
;;;;;;;;;;;;;;
;;;;;;;;;;;;;;
;;;;;;;;;;;;;;
;;;;;;;;;;;;;;
;;;;;;;;;;;;;;
;;;;;;;;;;;;;;
;;;;;;;;;;;;;;
;;;;;;;;;;;;;;
;;;;;;;;;;;;;;
;;;;;;;;;;;;;;
;;;;;;;;;;;;;;
;;;;;;;;;;;;;;
;;;;;;;;;;;;;;
;;;;;;;;;;;;;;
;;;;;;;;;;;;;;
;;;;;;;;;;;;;;
;;;;;;;;;;;;;;
;;;;;;;;;;;;;;
;;;;;;;;;;;;;;
;;;;;;;;;;;;;;
;;;;;;;;;;;;;;
;;;;;;;;;;;;;;
;;;;;;;;;;;;;;
;;;;;;;;;;;;;;
;;;;;;;;;;;;;;
;;;;;;;;;;;;;;
;;;;;;;;;;;;;;
;;;;;;;;;;;;;;
;;;;;;;;;;;;;;
;;;;;;;;;;;;;;
;;;;;;;;;;;;;;
;;;;;;;;;;;;;;
;;;;;;;;;;;;;;
;;;;;;;;;;;;;;
;;;;;;;;;;;;;;
;;;;;;;;;;;;;;
;;;;;;;;;;;;;;
;;;;;;;;;;;;;;
;;;;;;;;;;;;;;
;;;;;;;;;;;;;;
;;;;;;;;;;;;;;
;;;;;;;;;;;;;;
;;;;;;;;;;;;;;
;;;;;;;;;;;;;;
;;;;;;;;;;;;;;
;;;;;;;;;;;;;;
;;;;;;;;;;;;;;
;;;;;;;;;;;;;;
;;;;;;;;;;;;;;
;;;;;;;;;;;;;;
;;;;;;;;;;;;;;
;;;;;;;;;;;;;;
;;;;;;;;;;;;;;
;;;;;;;;;;;;;;
;;;;;;;;;;;;;;
;;;;;;;;;;;;;;
;;;;;;;;;;;;;;
;;;;;;;;;;;;;;
;;;;;;;;;;;;;;
;;;;;;;;;;;;;;
;;;;;;;;;;;;;;
;;;;;;;;;;;;;;
;;;;;;;;;;;;;;
;;;;;;;;;;;;;;
;;;;;;;;;;;;;;
;;;;;;;;;;;;;;
;;;;;;;;;;;;;;
;;;;;;;;;;;;;;
;;;;;;;;;;;;;;
;;;;;;;;;;;;;;
;;;;;;;;;;;;;;
;;;;;;;;;;;;;;
;;;;;;;;;;;;;;
;;;;;;;;;;;;;;
;;;;;;;;;;;;;;
;;;;;;;;;;;;;;
;;;;;;;;;;;;;;
;;;;;;;;;;;;;;
;;;;;;;;;;;;;;
;;;;;;;;;;;;;;
;;;;;;;;;;;;;;
;;;;;;;;;;;;;;
;;;;;;;;;;;;;;
;;;;;;;;;;;;;;
;;;;;;;;;;;;;;
;;;;;;;;;;;;;;
;;;;;;;;;;;;;;
;;;;;;;;;;;;;;
;;;;;;;;;;;;;;
;;;;;;;;;;;;;;
;;;;;;;;;;;;;;
;;;;;;;;;;;;;;
;;;;;;;;;;;;;;
;;;;;;;;;;;;;;
;;;;;;;;;;;;;;
;;;;;;;;;;;;;;
;;;;;;;;;;;;;;
;;;;;;;;;;;;;;
;;;;;;;;;;;;;;
;;;;;;;;;;;;;;
;;;;;;;;;;;;;;
;;;;;;;;;;;;;;
;;;;;;;;;;;;;;
;;;;;;;;;;;;;;
;;;;;;;;;;;;;;
;;;;;;;;;;;;;;
;;;;;;;;;;;;;;
;;;;;;;;;;;;;;
;;;;;;;;;;;;;;
;;;;;;;;;;;;;;
;;;;;;;;;;;;;;
;;;;;;;;;;;;;;
;;;;;;;;;;;;;;
;;;;;;;;;;;;;;
;;;;;;;;;;;;;;
;;;;;;;;;;;;;;
;;;;;;;;;;;;;;
;;;;;;;;;;;;;;
;;;;;;;;;;;;;;
;;;;;;;;;;;;;;
;;;;;;;;;;;;;;
;;;;;;;;;;;;;;
;;;;;;;;;;;;;;
;;;;;;;;;;;;;;
;;;;;;;;;;;;;;
;;;;;;;;;;;;;;
;;;;;;;;;;;;;;
;;;;;;;;;;;;;;
;;;;;;;;;;;;;;
;;;;;;;;;;;;;;
;;;;;;;;;;;;;;
;;;;;;;;;;;;;;
;;;;;;;;;;;;;;
;;;;;;;;;;;;;;
;;;;;;;;;;;;;;
;;;;;;;;;;;;;;
;;;;;;;;;;;;;;
;;;;;;;;;;;;;;
;;;;;;;;;;;;;;
;;;;;;;;;;;;;;
;;;;;;;;;;;;;;
;;;;;;;;;;;;;;
;;;;;;;;;;;;;;
;;;;;;;;;;;;;;
;;;;;;;;;;;;;;
;;;;;;;;;;;;;;
;;;;;;;;;;;;;;
;;;;;;;;;;;;;;
;;;;;;;;;;;;;;
;;;;;;;;;;;;;;
;;;;;;;;;;;;;;
;;;;;;;;;;;;;;
;;;;;;;;;;;;;;
;;;;;;;;;;;;;;
;;;;;;;;;;;;;;
;;;;;;;;;;;;;;
;;;;;;;;;;;;;;
;;;;;;;;;;;;;;
;;;;;;;;;;;;;;
;;;;;;;;;;;;;;
;;;;;;;;;;;;;;
;;;;;;;;;;;;;;
;;;;;;;;;;;;;;
;;;;;;;;;;;;;;
;;;;;;;;;;;;;;
;;;;;;;;;;;;;;
;;;;;;;;;;;;;;
;;;;;;;;;;;;;;
;;;;;;;;;;;;;;
;;;;;;;;;;;;;;
;;;;;;;;;;;;;;
;;;;;;;;;;;;;;
;;;;;;;;;;;;;;
;;;;;;;;;;;;;;
;;;;;;;;;;;;;;
;;;;;;;;;;;;;;
;;;;;;;;;;;;;;
;;;;;;;;;;;;;;
;;;;;;;;;;;;;;
;;;;;;;;;;;;;;
;;;;;;;;;;;;;;
;;;;;;;;;;;;;;
;;;;;;;;;;;;;;
;;;;;;;;;;;;;;
;;;;;;;;;;;;;;
;;;;;;;;;;;;;;
;;;;;;;;;;;;;;
;;;;;;;;;;;;;;
;;;;;;;;;;;;;;
;;;;;;;;;;;;;;
;;;;;;;;;;;;;;
;;;;;;;;;;;;;;
;;;;;;;;;;;;;;
;;;;;;;;;;;;;;
;;;;;;;;;;;;;;
;;;;;;;;;;;;;;
;;;;;;;;;;;;;;
;;;;;;;;;;;;;;
;;;;;;;;;;;;;;
;;;;;;;;;;;;;;
;;;;;;;;;;;;;;
;;;;;;;;;;;;;;
;;;;;;;;;;;;;;
;;;;;;;;;;;;;;
;;;;;;;;;;;;;;
;;;;;;;;;;;;;;
;;;;;;;;;;;;;;
;;;;;;;;;;;;;;
;;;;;;;;;;;;;;
;;;;;;;;;;;;;;
;;;;;;;;;;;;;;
;;;;;;;;;;;;;;
;;;;;;;;;;;;;;
;;;;;;;;;;;;;;
;;;;;;;;;;;;;;
;;;;;;;;;;;;;;
;;;;;;;;;;;;;;
;;;;;;;;;;;;;;
;;;;;;;;;;;;;;
;;;;;;;;;;;;;;
;;;;;;;;;;;;;;
;;;;;;;;;;;;;;
;;;;;;;;;;;;;;
;;;;;;;;;;;;;;
;;;;;;;;;;;;;;
;;;;;;;;;;;;;;
;;;;;;;;;;;;;;
;;;;;;;;;;;;;;
;;;;;;;;;;;;;;
;;;;;;;;;;;;;;
;;;;;;;;;;;;;;
;;;;;;;;;;;;;;
;;;;;;;;;;;;;;
;;;;;;;;;;;;;;
;;;;;;;;;;;;;;
;;;;;;;;;;;;;;
;;;;;;;;;;;;;;
;;;;;;;;;;;;;;
;;;;;;;;;;;;;;
;;;;;;;;;;;;;;
;;;;;;;;;;;;;;
;;;;;;;;;;;;;;
;;;;;;;;;;;;;;
;;;;;;;;;;;;;;
;;;;;;;;;;;;;;
;;;;;;;;;;;;;;
;;;;;;;;;;;;;;
;;;;;;;;;;;;;;
;;;;;;;;;;;;;;
;;;;;;;;;;;;;;
;;;;;;;;;;;;;;
;;;;;;;;;;;;;;
;;;;;;;;;;;;;;
;;;;;;;;;;;;;;
;;;;;;;;;;;;;;
;;;;;;;;;;;;;;
;;;;;;;;;;;;;;
;;;;;;;;;;;;;;
;;;;;;;;;;;;;;
;;;;;;;;;;;;;;
;;;;;;;;;;;;;;
;;;;;;;;;;;;;;
;;;;;;;;;;;;;;
;;;;;;;;;;;;;;
;;;;;;;;;;;;;;
;;;;;;;;;;;;;;
;;;;;;;;;;;;;;
;;;;;;;;;;;;;;
;;;;;;;;;;;;;;
;;;;;;;;;;;;;;
;;;;;;;;;;;;;;
;;;;;;;;;;;;;;
;;;;;;;;;;;;;;
;;;;;;;;;;;;;;
;;;;;;;;;;;;;;
;;;;;;;;;;;;;;
;;;;;;;;;;;;;;
;;;;;;;;;;;;;;
;;;;;;;;;;;;;;
;;;;;;;;;;;;;;
;;;;;;;;;;;;;;
;;;;;;;;;;;;;;
;;;;;;;;;;;;;;
;;;;;;;;;;;;;;
;;;;;;;;;;;;;;
;;;;;;;;;;;;;;
;;;;;;;;;;;;;;
;;;;;;;;;;;;;;
;;;;;;;;;;;;;;
;;;;;;;;;;;;;;
;;;;;;;;;;;;;;
;;;;;;;;;;;;;;
;;;;;;;;;;;;;;
;;;;;;;;;;;;;;
;;;;;;;;;;;;;;
;;;;;;;;;;;;;;
;;;;;;;;;;;;;;
;;;;;;;;;;;;;;
;;;;;;;;;;;;;;
;;;;;;;;;;;;;;
;;;;;;;;;;;;;;
;;;;;;;;;;;;;;
;;;;;;;;;;;;;;
;;;;;;;;;;;;;;
;;;;;;;;;;;;;;
;;;;;;;;;;;;;;
;;;;;;;;;;;;;;
;;;;;;;;;;;;;;
;;;;;;;;;;;;;;
;;;;;;;;;;;;;;
;;;;;;;;;;;;;;
;;;;;;;;;;;;;;
;;;;;;;;;;;;;;
;;;;;;;;;;;;;;
;;;;;;;;;;;;;;
;;;;;;;;;;;;;;
;;;;;;;;;;;;;;
;;;;;;;;;;;;;;
;;;;;;;;;;;;;;
;;;;;;;;;;;;;;
;;;;;;;;;;;;;;
;;;;;;;;;;;;;;
;;;;;;;;;;;;;;
;;;;;;;;;;;;;;
;;;;;;;;;;;;;;
;;;;;;;;;;;;;;
;;;;;;;;;;;;;;
;;;;;;;;;;;;;;
;;;;;;;;;;;;;;
;;;;;;;;;;;;;;
;;;;;;;;;;;;;;
;;;;;;;;;;;;;;
;;;;;;;;;;;;;;
;;;;;;;;;;;;;;
;;;;;;;;;;;;;;
;;;;;;;;;;;;;;
;;;;;;;;;;;;;;
;;;;;;;;;;;;;;
;;;;;;;;;;;;;;
;;;;;;;;;;;;;;
;;;;;;;;;;;;;;
;;;;;;;;;;;;;;
;;;;;;;;;;;;;;
;;;;;;;;;;;;;;
;;;;;;;;;;;;;;
;;;;;;;;;;;;;;
;;;;;;;;;;;;;;
;;;;;;;;;;;;;;
;;;;;;;;;;;;;;
;;;;;;;;;;;;;;
;;;;;;;;;;;;;;
;;;;;;;;;;;;;;
;;;;;;;;;;;;;;
;;;;;;;;;;;;;;
;;;;;;;;;;;;;;
;;;;;;;;;;;;;;
;;;;;;;;;;;;;;
;;;;;;;;;;;;;;
;;;;;;;;;;;;;;
;;;;;;;;;;;;;;
;;;;;;;;;;;;;;
;;;;;;;;;;;;;;
;;;;;;;;;;;;;;
;;;;;;;;;;;;;;
;;;;;;;;;;;;;;
;;;;;;;;;;;;;;
;;;;;;;;;;;;;;
;;;;;;;;;;;;;;
;;;;;;;;;;;;;;
;;;;;;;;;;;;;;
;;;;;;;;;;;;;;
;;;;;;;;;;;;;;
;;;;;;;;;;;;;;
;;;;;;;;;;;;;;
;;;;;;;;;;;;;;
;;;;;;;;;;;;;;
;;;;;;;;;;;;;;
;;;;;;;;;;;;;;
;;;;;;;;;;;;;;
;;;;;;;;;;;;;;
;;;;;;;;;;;;;;
;;;;;;;;;;;;;;
;;;;;;;;;;;;;;
;;;;;;;;;;;;;;
;;;;;;;;;;;;;;
;;;;;;;;;;;;;;
;;;;;;;;;;;;;;
;;;;;;;;;;;;;;
;;;;;;;;;;;;;;
;;;;;;;;;;;;;;
;;;;;;;;;;;;;;
;;;;;;;;;;;;;;
;;;;;;;;;;;;;;
;;;;;;;;;;;;;;
;;;;;;;;;;;;;;
;;;;;;;;;;;;;;
;;;;;;;;;;;;;;
;;;;;;;;;;;;;;
;;;;;;;;;;;;;;
;;;;;;;;;;;;;;
;;;;;;;;;;;;;;
;;;;;;;;;;;;;;
;;;;;;;;;;;;;;
;;;;;;;;;;;;;;
;;;;;;;;;;;;;;
;;;;;;;;;;;;;;
;;;;;;;;;;;;;;
;;;;;;;;;;;;;;
;;;;;;;;;;;;;;
;;;;;;;;;;;;;;
;;;;;;;;;;;;;;
;;;;;;;;;;;;;;
;;;;;;;;;;;;;;
;;;;;;;;;;;;;;
;;;;;;;;;;;;;;
;;;;;;;;;;;;;;
;;;;;;;;;;;;;;
;;;;;;;;;;;;;;
;;;;;;;;;;;;;;
;;;;;;;;;;;;;;
;;;;;;;;;;;;;;
;;;;;;;;;;;;;;
;;;;;;;;;;;;;;
;;;;;;;;;;;;;;
;;;;;;;;;;;;;;
;;;;;;;;;;;;;;
;;;;;;;;;;;;;;
;;;;;;;;;;;;;;
;;;;;;;;;;;;;;
;;;;;;;;;;;;;;
;;;;;;;;;;;;;;
;;;;;;;;;;;;;;
;;;;;;;;;;;;;;
;;;;;;;;;;;;;;
;;;;;;;;;;;;;;
;;;;;;;;;;;;;;
;;;;;;;;;;;;;;
;;;;;;;;;;;;;;
;;;;;;;;;;;;;;
;;;;;;;;;;;;;;
;;;;;;;;;;;;;;
;;;;;;;;;;;;;;
;;;;;;;;;;;;;;
;;;;;;;;;;;;;;
;;;;;;;;;;;;;;
;;;;;;;;;;;;;;
;;;;;;;;;;;;;;
;;;;;;;;;;;;;;
;;;;;;;;;;;;;;
;;;;;;;;;;;;;;
;;;;;;;;;;;;;;
;;;;;;;;;;;;;;
;;;;;;;;;;;;;;
;;;;;;;;;;;;;;
;;;;;;;;;;;;;;
;;;;;;;;;;;;;;
;;;;;;;;;;;;;;
;;;;;;;;;;;;;;
;;;;;;;;;;;;;;
;;;;;;;;;;;;;;
;;;;;;;;;;;;;;
;;;;;;;;;;;;;;
;;;;;;;;;;;;;;
;;;;;;;;;;;;;;
;;;;;;;;;;;;;;
;;;;;;;;;;;;;;
;;;;;;;;;;;;;;
