Messungen Bohrung 12H7;;;;;;;;
Bezeichnung:;;;;;;;;
0101;;;> Ebene 1 Bohrung 1;;;;;
0102;;;> Ebene 1 Bohrung 2;;;;;
0201;;;> Ebene 2 Bohrung 1;;;;;
;;;;;;;;
;;;;;;;;
Bezeichnung Bohrung;Ebene;Bohrung;Messwert Innenmessschraube;Messwert Messtaster;Klassifizierung nach Messchraube;Klassifizierung nach Messtaster;Klassifizierung nach Grenzlehrdorn;
0101;1;1;12,016;12,019;i.O.;n.i.O.;i.O.;
0102;1;2;12,016;12,018;i.O.;i.O.;i.O.;
0103;1;3;12,016;12,015;i.O.;i.O.;i.O.;
0104;1;4;12,016;12,015;i.O.;i.O.;i.O.;
0105;1;5;12,016;12,015;i.O.;i.O.;i.O.;
0106;1;6;12,016;12,016;i.O.;i.O.;i.O.;
0107;1;7;12,016;12,016;i.O.;i.O.;i.O.;
0108;1;8;12,016;12,017;i.O.;i.O.;i.O.;
0109;1;9;12,015;12,016;i.O.;i.O.;i.O.;
0110;1;10;12,015;12,019;i.O.;n.i.O.;i.O.;
0111;1;11;12,015;12,019;i.O.;n.i.O.;i.O.;
0112;1;12;12,015;12,019;i.O.;n.i.O.;i.O.;
0113;1;13;12,015;12,018;i.O.;i.O.;i.O.;
0114;1;14;12,014;12,019;i.O.;n.i.O.;i.O.;
0115;1;15;12,015;12,019;i.O.;n.i.O.;i.O.;
0116;1;16;12,014;12,017;i.O.;i.O.;i.O.;
0117;1;17;12,015;12,017;i.O.;i.O.;i.O.;
0118;1;18;12,015;12,021;i.O.;n.i.O.;i.O.;
0119;1;19;12,014;12,021;i.O.;n.i.O.;i.O.;
0120;1;20;12,014;12,021;i.O.;n.i.O.;i.O.;
0121;1;21;12,014;12,016;i.O.;i.O.;i.O.;
0122;1;22;12,014;12,017;i.O.;i.O.;i.O.;
0123;1;23;12,014;12,02;i.O.;n.i.O.;i.O.;
0124;1;24;12,014;12,017;i.O.;i.O.;i.O.;
0125;1;25;12,014;12,019;i.O.;n.i.O.;i.O.;
0126;1;26;12,014;12,019;i.O.;n.i.O.;i.O.;
0127;1;27;12,014;12,019;i.O.;n.i.O.;i.O.;
0128;1;28;12,014;12,019;i.O.;n.i.O.;i.O.;
0129;1;29;12,014;12,019;i.O.;n.i.O.;i.O.;
0130;1;30;12,014;12,018;i.O.;i.O.;i.O.;
0131;1;31;12,014;12,019;i.O.;n.i.O.;i.O.;
0132;1;32;12,014;12,016;i.O.;i.O.;i.O.;
0133;1;33;12,014;12,018;i.O.;i.O.;i.O.;
0134;1;34;12,013;12,02;i.O.;n.i.O.;i.O.;
0135;1;35;12,014;12,018;i.O.;i.O.;i.O.;
0136;1;36;12,014;12,019;i.O.;n.i.O.;i.O.;
0137;1;37;12,014;12,019;i.O.;n.i.O.;i.O.;
0138;1;38;12,014;12,017;i.O.;i.O.;i.O.;
0139;1;39;12,014;12,02;i.O.;n.i.O.;i.O.;
0140;1;40;12,014;12,016;i.O.;i.O.;i.O.;
0141;1;41;12,014;12,018;i.O.;i.O.;i.O.;
0142;1;42;12,015;12,019;i.O.;n.i.O.;i.O.;
0143;1;43;12,014;12,02;i.O.;n.i.O.;i.O.;
0144;1;44;12,015;12,018;i.O.;i.O.;i.O.;
0145;1;45;12,015;12,021;i.O.;n.i.O.;i.O.;
0146;1;46;12,014;12,021;i.O.;n.i.O.;i.O.;
0147;1;47;12,015;12,018;i.O.;i.O.;i.O.;
0148;1;48;12,015;12,019;i.O.;n.i.O.;i.O.;
0149;1;49;12,014;12,019;i.O.;n.i.O.;i.O.;
0150;1;50;12,014;12,015;i.O.;i.O.;i.O.;
0151;1;51;12,015;12,015;i.O.;i.O.;i.O.;
0152;1;52;12,015;12,017;i.O.;i.O.;i.O.;
0153;1;53;12,014;12,015;i.O.;i.O.;i.O.;
0154;1;54;12,015;12,018;i.O.;i.O.;i.O.;
0155;1;55;12,015;12,02;i.O.;n.i.O.;i.O.;
0156;1;56;12,015;12,019;i.O.;n.i.O.;i.O.;
0157;1;57;12,015;12,017;i.O.;i.O.;i.O.;
0158;1;58;12,015;12,018;i.O.;i.O.;i.O.;
0159;1;59;12,015;12,019;i.O.;n.i.O.;i.O.;
0160;1;60;12,015;12,02;i.O.;n.i.O.;i.O.;
0161;1;61;12,015;12,021;i.O.;n.i.O.;i.O.;
0162;1;62;12,015;12,018;i.O.;i.O.;i.O.;
0163;1;63;12,015;12,019;i.O.;n.i.O.;i.O.;
0164;1;64;12,015;12,019;i.O.;n.i.O.;i.O.;
0165;1;65;12,015;12,018;i.O.;i.O.;i.O.;
0166;1;66;12,015;12,02;i.O.;n.i.O.;i.O.;
0167;1;67;12,015;12,021;i.O.;n.i.O.;i.O.;
0168;1;68;12,015;12,019;i.O.;n.i.O.;i.O.;
0169;1;69;12,015;12,02;i.O.;n.i.O.;i.O.;
0170;1;70;12,014;12,02;i.O.;n.i.O.;i.O.;
0171;1;71;12,015;12,018;i.O.;i.O.;i.O.;
0172;1;72;12,016;12,019;i.O.;n.i.O.;i.O.;
0173;1;73;12,015;12,02;i.O.;n.i.O.;i.O.;
0174;1;74;12,015;12,018;i.O.;i.O.;i.O.;
0175;1;75;12,015;12,018;i.O.;i.O.;i.O.;
0176;1;76;12,016;12,018;i.O.;i.O.;i.O.;
0177;1;77;12,015;12,018;i.O.;i.O.;i.O.;
0178;1;78;12,015;12,017;i.O.;i.O.;i.O.;
0179;1;79;12,015;12,018;i.O.;i.O.;i.O.;
0180;1;80;12,016;12,018;i.O.;i.O.;i.O.;
0181;1;81;12,015;12,018;i.O.;i.O.;i.O.;
0201;2;1;12,013;12,019;i.O.;n.i.O.;i.O.;
0202;2;2;12,012;12,019;i.O.;n.i.O.;i.O.;
0203;2;3;12,014;12,019;i.O.;n.i.O.;i.O.;
0204;2;4;12,014;12,024;i.O.;n.i.O.;i.O.;
0205;2;5;12,014;12,018;i.O.;i.O.;i.O.;
0206;2;6;12,013;12,02;i.O.;n.i.O.;i.O.;
0207;2;7;12,014;12,02;i.O.;n.i.O.;i.O.;
0208;2;8;12,014;12,018;i.O.;i.O.;i.O.;
0209;2;9;12,013;12,017;i.O.;i.O.;i.O.;
0210;2;10;12,013;12,019;i.O.;n.i.O.;i.O.;
0211;2;11;12,013;12,017;i.O.;i.O.;i.O.;
0212;2;12;12,013;12,019;i.O.;n.i.O.;i.O.;
0213;2;13;12,013;12,018;i.O.;i.O.;i.O.;
0214;2;14;12,013;12,018;i.O.;i.O.;i.O.;
0215;2;15;12,013;12,021;i.O.;n.i.O.;i.O.;
0216;2;16;12,014;12,018;i.O.;i.O.;i.O.;
0217;2;17;12,013;12,018;i.O.;i.O.;i.O.;
0218;2;18;12,013;12,019;i.O.;n.i.O.;i.O.;
0219;2;19;12,014;12,02;i.O.;n.i.O.;i.O.;
0220;2;20;12,013;12,021;i.O.;n.i.O.;i.O.;
0221;2;21;12,014;12,018;i.O.;i.O.;i.O.;
0222;2;22;12,013;12,016;i.O.;i.O.;i.O.;
0223;2;23;12,013;12,017;i.O.;i.O.;i.O.;
0224;2;24;12,013;12,018;i.O.;i.O.;i.O.;
0225;2;25;12,013;12,018;i.O.;i.O.;i.O.;
0226;2;26;12,013;12,017;i.O.;i.O.;i.O.;
0227;2;27;12,013;12,019;i.O.;n.i.O.;i.O.;
0228;2;28;12,013;12,018;i.O.;i.O.;i.O.;
0229;2;29;12,013;12,02;i.O.;n.i.O.;i.O.;
0230;2;30;12,013;12,018;i.O.;i.O.;i.O.;
0231;2;31;12,013;12,019;i.O.;n.i.O.;i.O.;
0232;2;32;12,014;12,024;i.O.;n.i.O.;i.O.;
0233;2;33;12,014;12,019;i.O.;n.i.O.;i.O.;
0234;2;34;12,014;12,019;i.O.;n.i.O.;i.O.;
0235;2;35;12,014;12,02;i.O.;n.i.O.;i.O.;
0236;2;36;12,014;12,02;i.O.;n.i.O.;i.O.;
0237;2;37;12,013;12,016;i.O.;i.O.;i.O.;
0238;2;38;12,014;12,02;i.O.;n.i.O.;i.O.;
0239;2;39;12,014;12,019;i.O.;n.i.O.;i.O.;
0240;2;40;12,014;12,02;i.O.;n.i.O.;i.O.;
0241;2;41;12,014;12,018;i.O.;i.O.;i.O.;
0242;2;42;12,014;12,018;i.O.;i.O.;i.O.;
0243;2;43;12,013;12,018;i.O.;i.O.;i.O.;
0244;2;44;12,013;12,018;i.O.;i.O.;i.O.;
0245;2;45;12,015;12,019;i.O.;n.i.O.;i.O.;
0246;2;46;12,014;12,018;i.O.;i.O.;i.O.;
0247;2;47;12,014;12,02;i.O.;n.i.O.;i.O.;
0248;2;48;12,014;12,018;i.O.;i.O.;i.O.;
0249;2;49;12,014;12,019;i.O.;n.i.O.;i.O.;
0250;2;50;12,014;12,018;i.O.;i.O.;i.O.;
0251;2;51;12,015;12,018;i.O.;i.O.;i.O.;
0252;2;52;12,014;12,017;i.O.;i.O.;i.O.;
0253;2;53;12,014;12,018;i.O.;i.O.;i.O.;
0254;2;54;12,014;12,015;i.O.;i.O.;i.O.;
0255;2;55;12,014;12,018;i.O.;i.O.;i.O.;
0256;2;56;12,014;12,018;i.O.;i.O.;i.O.;
0257;2;57;12,013;12,018;i.O.;i.O.;i.O.;
0258;2;58;12,014;12,02;i.O.;n.i.O.;i.O.;
0259;2;59;12,014;12,016;i.O.;i.O.;i.O.;
0260;2;60;12,014;12,019;i.O.;n.i.O.;i.O.;
0261;2;61;12,014;12,016;i.O.;i.O.;i.O.;
0262;2;62;12,014;12,017;i.O.;i.O.;i.O.;
0263;2;63;12,015;12,019;i.O.;n.i.O.;i.O.;
0264;2;64;12,014;12,017;i.O.;i.O.;i.O.;
0265;2;65;12,015;12,02;i.O.;n.i.O.;i.O.;
0266;2;66;12,014;12,017;i.O.;i.O.;i.O.;
0267;2;67;12,014;12,017;i.O.;i.O.;i.O.;
0268;2;68;12,014;12,02;i.O.;n.i.O.;i.O.;
0269;2;69;12,015;12,017;i.O.;i.O.;i.O.;
0270;2;70;12,014;12,017;i.O.;i.O.;i.O.;
0271;2;71;12,014;12,019;i.O.;n.i.O.;i.O.;
0272;2;72;12,014;12,018;i.O.;i.O.;i.O.;
0273;2;73;12,015;12,019;i.O.;n.i.O.;i.O.;
0274;2;74;12,015;12,018;i.O.;i.O.;i.O.;
0275;2;75;12,015;12,018;i.O.;i.O.;i.O.;
0276;2;76;12,015;12,018;i.O.;i.O.;i.O.;
0277;2;77;12,015;12,018;i.O.;i.O.;i.O.;
0278;2;78;12,015;12,021;i.O.;n.i.O.;i.O.;
0279;2;79;12,015;12,02;i.O.;n.i.O.;i.O.;
0280;2;80;12,016;12,018;i.O.;i.O.;i.O.;
0281;2;81;12,015;12,018;i.O.;i.O.;i.O.;
0301;3;1;12,013;12,022;i.O.;n.i.O.;i.O.;
0302;3;2;12,013;12,023;i.O.;n.i.O.;i.O.;
0303;3;3;12,012;12,017;i.O.;i.O.;i.O.;
0304;3;4;12,013;12,023;i.O.;n.i.O.;i.O.;
0305;3;5;12,013;12,02;i.O.;n.i.O.;i.O.;
0306;3;6;12,012;12,02;i.O.;n.i.O.;i.O.;
0307;3;7;12,013;12,019;i.O.;n.i.O.;i.O.;
0308;3;8;12,012;12,019;i.O.;n.i.O.;i.O.;
0309;3;9;12,013;12,019;i.O.;n.i.O.;i.O.;
0310;3;10;12,012;12,02;i.O.;n.i.O.;i.O.;
0311;3;11;12,013;12,023;i.O.;n.i.O.;i.O.;
0312;3;12;12,012;12,017;i.O.;i.O.;i.O.;
0313;3;13;12,013;12,018;i.O.;i.O.;i.O.;
0314;3;14;12,012;12,02;i.O.;n.i.O.;i.O.;
0315;3;15;12,012;12,02;i.O.;n.i.O.;i.O.;
0316;3;16;12,013;12,018;i.O.;i.O.;i.O.;
0317;3;17;12,013;12,018;i.O.;i.O.;i.O.;
0318;3;18;12,012;12,017;i.O.;i.O.;i.O.;
0319;3;19;12,014;12,021;i.O.;n.i.O.;i.O.;
0320;3;20;12,013;12,019;i.O.;n.i.O.;i.O.;
0321;3;21;12,012;12,018;i.O.;i.O.;i.O.;
0322;3;22;12,014;12,02;i.O.;n.i.O.;i.O.;
0323;3;23;12,013;12,02;i.O.;n.i.O.;i.O.;
0324;3;24;12,013;12,021;i.O.;n.i.O.;i.O.;
0325;3;25;12,013;12,016;i.O.;i.O.;i.O.;
0326;3;26;12,013;12,017;i.O.;i.O.;i.O.;
0327;3;27;12,013;12,016;i.O.;i.O.;i.O.;
0328;3;28;12,013;12,019;i.O.;n.i.O.;i.O.;
0329;3;29;12,013;12,016;i.O.;i.O.;i.O.;
0330;3;30;12,013;12,02;i.O.;n.i.O.;i.O.;
0331;3;31;12,013;12,02;i.O.;n.i.O.;i.O.;
0332;3;32;12,013;12,021;i.O.;n.i.O.;i.O.;
0333;3;33;12,013;12,02;i.O.;n.i.O.;i.O.;
0334;3;34;12,013;12,02;i.O.;n.i.O.;i.O.;
0335;3;35;12,013;12,016;i.O.;i.O.;i.O.;
0336;3;36;12,013;12,018;i.O.;i.O.;i.O.;
0337;3;37;12,013;12,019;i.O.;n.i.O.;i.O.;
0338;3;38;12,013;12,018;i.O.;i.O.;i.O.;
0339;3;39;12,013;12,018;i.O.;i.O.;i.O.;
0340;3;40;12,013;12,022;i.O.;n.i.O.;i.O.;
0341;3;41;12,013;12,016;i.O.;i.O.;i.O.;
0342;3;42;12,014;12,018;i.O.;i.O.;i.O.;
0343;3;43;12,013;12,018;i.O.;i.O.;i.O.;
0344;3;44;12,012;12,016;i.O.;i.O.;i.O.;
0345;3;45;12,013;12,019;i.O.;n.i.O.;i.O.;
0346;3;46;12,013;12,013;i.O.;i.O.;i.O.;
0347;3;47;12,013;12,018;i.O.;i.O.;i.O.;
0348;3;48;12,013;12,019;i.O.;n.i.O.;i.O.;
0349;3;49;12,013;12,017;i.O.;i.O.;i.O.;
0350;3;50;12,013;12,018;i.O.;i.O.;i.O.;
0351;3;51;12,013;12,018;i.O.;i.O.;i.O.;
0352;3;52;12,013;12,02;i.O.;n.i.O.;i.O.;
0353;3;53;12,013;12,017;i.O.;i.O.;i.O.;
0354;3;54;12,013;12,017;i.O.;i.O.;i.O.;
0355;3;55;12,013;12,019;i.O.;n.i.O.;i.O.;
0356;3;56;12,013;12,022;i.O.;n.i.O.;i.O.;
0357;3;57;12,013;12,018;i.O.;i.O.;i.O.;
0358;3;58;12,013;12,018;i.O.;i.O.;i.O.;
0359;3;59;12,013;12,017;i.O.;i.O.;i.O.;
0360;3;60;12,012;12,018;i.O.;i.O.;i.O.;
0361;3;61;12,012;12,017;i.O.;i.O.;i.O.;
0362;3;62;12,012;12,018;i.O.;i.O.;i.O.;
0363;3;63;12,013;12,018;i.O.;i.O.;i.O.;
0364;3;64;12,013;12,019;i.O.;n.i.O.;i.O.;
0365;3;65;12,014;12,016;i.O.;i.O.;i.O.;
0366;3;66;12,014;12,018;i.O.;i.O.;i.O.;
0367;3;67;12,014;12,018;i.O.;i.O.;i.O.;
0368;3;68;12,013;12,021;i.O.;n.i.O.;i.O.;
0369;3;69;12,014;12,02;i.O.;n.i.O.;i.O.;
0370;3;70;12,013;12,021;i.O.;n.i.O.;i.O.;
0371;3;71;12,013;12,016;i.O.;i.O.;i.O.;
0372;3;72;12,013;12,018;i.O.;i.O.;i.O.;
0373;3;73;12,013;12,02;i.O.;n.i.O.;i.O.;
0374;3;74;12,013;12,017;i.O.;i.O.;i.O.;
0375;3;75;12,013;12,017;i.O.;i.O.;i.O.;
0376;3;76;12,013;12,016;i.O.;i.O.;i.O.;
0377;3;77;12,012;12,016;i.O.;i.O.;i.O.;
0378;3;78;12,012;12,019;i.O.;n.i.O.;i.O.;
0379;3;79;12,013;12,016;i.O.;i.O.;i.O.;
0380;3;80;12,012;12,015;i.O.;i.O.;i.O.;
0381;3;81;12,013;12,018;i.O.;i.O.;i.O.;
0401;4;1;12,012;12,019;i.O.;n.i.O.;i.O.;
0402;4;2;12,012;12,019;i.O.;n.i.O.;i.O.;
0403;4;3;12,011;12,021;i.O.;n.i.O.;i.O.;
0404;4;4;12,012;12,020;i.O.;n.i.O.;i.O.;
0405;4;5;12,012;12,019;i.O.;n.i.O.;i.O.;
0406;4;6;12,013;12,024;i.O.;n.i.O.;i.O.;
0407;4;7;12,013;12,020;i.O.;n.i.O.;i.O.;
0408;4;8;12,012;12,019;i.O.;n.i.O.;i.O.;
0409;4;9;12,012;12,021;i.O.;n.i.O.;i.O.;
0410;4;10;12,012;12,022;i.O.;n.i.O.;i.O.;
0411;4;11;12,013;12,022;i.O.;n.i.O.;i.O.;
0412;4;12;12,013;12,018;i.O.;i.O.;i.O.;
0413;4;13;12,013;12,025;i.O.;n.i.O.;i.O.;
0414;4;14;12,013;12,024;i.O.;n.i.O.;i.O.;
0415;4;15;12,013;12,019;i.O.;n.i.O.;i.O.;
0416;4;16;12,013;12,022;i.O.;n.i.O.;i.O.;
0417;4;17;12,012;12,027;i.O.;n.i.O.;i.O.;
0418;4;18;12,013;12,025;i.O.;n.i.O.;i.O.;
0419;4;19;12,012;12,021;i.O.;n.i.O.;i.O.;
0420;4;20;12,013;12,024;i.O.;n.i.O.;i.O.;
0421;4;21;12,014;12,022;i.O.;n.i.O.;i.O.;
0422;4;22;12,013;12,022;i.O.;n.i.O.;i.O.;
0423;4;23;12,013;12,021;i.O.;n.i.O.;i.O.;
0424;4;24;12,013;12,021;i.O.;n.i.O.;i.O.;
0425;4;25;12,013;12,018;i.O.;i.O.;i.O.;
0426;4;26;12,013;12,019;i.O.;n.i.O.;i.O.;
0427;4;27;12,013;12,024;i.O.;n.i.O.;i.O.;
0428;4;28;12,013;12,021;i.O.;n.i.O.;i.O.;
0429;4;29;12,014;12,028;i.O.;n.i.O.;i.O.;
0430;4;30;12,013;12,021;i.O.;n.i.O.;i.O.;
0431;4;31;12,012;12,021;i.O.;n.i.O.;i.O.;
0432;4;32;12,013;12,024;i.O.;n.i.O.;i.O.;
0433;4;33;12,013;12,020;i.O.;n.i.O.;i.O.;
0434;4;34;12,014;12,022;i.O.;n.i.O.;i.O.;
0435;4;35;12,013;12,022;i.O.;n.i.O.;i.O.;
0436;4;36;12,014;12,021;i.O.;n.i.O.;i.O.;
0437;4;37;12,013;12,020;i.O.;n.i.O.;i.O.;
0438;4;38;12,013;12,021;i.O.;n.i.O.;i.O.;
0439;4;39;12,013;12,021;i.O.;n.i.O.;i.O.;
0440;4;40;12,013;12,021;i.O.;n.i.O.;i.O.;
0441;4;41;12,014;12,020;i.O.;n.i.O.;i.O.;
0442;4;42;12,012;12,026;i.O.;n.i.O.;i.O.;
0443;4;43;12,013;12,019;i.O.;n.i.O.;i.O.;
0444;4;44;12,014;12,019;i.O.;n.i.O.;i.O.;
0445;4;45;12,014;12,019;i.O.;n.i.O.;i.O.;
0446;4;46;12,012;12,021;i.O.;n.i.O.;i.O.;
0447;4;47;12,014;12,020;i.O.;n.i.O.;i.O.;
0448;4;48;12,013;12,017;i.O.;i.O.;i.O.;
0449;4;49;12,014;12,022;i.O.;n.i.O.;i.O.;
0450;4;50;12,014;12,019;i.O.;n.i.O.;i.O.;
0451;4;51;12,013;12,023;i.O.;n.i.O.;i.O.;
0452;4;52;12,013;12,019;i.O.;n.i.O.;i.O.;
0453;4;53;12,013;12,015;i.O.;i.O.;i.O.;
0454;4;54;12,013;12,017;i.O.;i.O.;i.O.;
0455;4;55;12,014;12,022;i.O.;n.i.O.;i.O.;
0456;4;56;12,012;12,018;i.O.;i.O.;i.O.;
0457;4;57;12,013;12,023;i.O.;n.i.O.;i.O.;
0458;4;58;12,014;12,020;i.O.;n.i.O.;i.O.;
0459;4;59;12,012;12,019;i.O.;n.i.O.;i.O.;
0460;4;60;12,012;12,019;i.O.;n.i.O.;i.O.;
0461;4;61;12,013;12,022;i.O.;n.i.O.;i.O.;
0462;4;62;12,014;12,021;i.O.;n.i.O.;i.O.;
0463;4;63;12,014;12,020;i.O.;n.i.O.;i.O.;
0464;4;64;12,014;12,023;i.O.;n.i.O.;i.O.;
0465;4;65;12,014;12,021;i.O.;n.i.O.;i.O.;
0466;4;66;12,013;12,019;i.O.;n.i.O.;i.O.;
0467;4;67;12,013;12,021;i.O.;n.i.O.;i.O.;
0468;4;68;12,014;12,022;i.O.;n.i.O.;i.O.;
0469;4;69;12,014;12,020;i.O.;n.i.O.;i.O.;
0470;4;70;12,013;12,023;i.O.;n.i.O.;i.O.;
0471;4;71;12,013;12,018;i.O.;i.O.;i.O.;
0472;4;72;12,013;12,019;i.O.;n.i.O.;i.O.;
0473;4;73;12,013;12,022;i.O.;n.i.O.;i.O.;
0474;4;74;12,013;12,020;i.O.;n.i.O.;i.O.;
0475;4;75;12,014;12,018;i.O.;i.O.;i.O.;
0476;4;76;12,013;12,020;i.O.;n.i.O.;i.O.;
0477;4;77;12,013;12,019;i.O.;n.i.O.;i.O.;
0478;4;78;12,013;12,019;i.O.;n.i.O.;i.O.;
0479;4;79;12,012;12,016;i.O.;i.O.;i.O.;
0480;4;80;12,012;12,018;i.O.;i.O.;i.O.;
0481;4;81;12,014;12,022;i.O.;n.i.O.;i.O.;
0501;5;1;12,014;12,023;i.O.;n.i.O.;i.O.;
0502;5;2;12,014;12,022;i.O.;n.i.O.;i.O.;
0503;5;3;12,013;12,019;i.O.;n.i.O.;i.O.;
0504;5;4;12,013;12,021;i.O.;n.i.O.;i.O.;
0505;5;5;12,013;12,019;i.O.;n.i.O.;i.O.;
0506;5;6;12,013;12,02;i.O.;n.i.O.;i.O.;
0507;5;7;12,013;12,02;i.O.;n.i.O.;i.O.;
0508;5;8;12,012;12,022;i.O.;n.i.O.;i.O.;
0509;5;9;12,013;12,017;i.O.;i.O.;i.O.;
0510;5;10;12,012;12,019;i.O.;n.i.O.;i.O.;
0511;5;11;12,011;12,017;i.O.;i.O.;i.O.;
0512;5;12;12,013;12,019;i.O.;n.i.O.;i.O.;
0513;5;13;12,012;12,019;i.O.;n.i.O.;i.O.;
0514;5;14;12,013;12,023;i.O.;n.i.O.;i.O.;
0515;5;15;12,011;12,017;i.O.;i.O.;i.O.;
0516;5;16;12,012;12,019;i.O.;n.i.O.;i.O.;
0517;5;17;12,011;12,02;i.O.;n.i.O.;i.O.;
0518;5;18;12,011;12,02;i.O.;n.i.O.;i.O.;
0519;5;19;12,011;12,019;i.O.;n.i.O.;i.O.;
0520;5;20;12,011;12,019;i.O.;n.i.O.;i.O.;
0521;5;21;12,01;12,017;i.O.;i.O.;i.O.;
0522;5;22;12,01;12,023;i.O.;n.i.O.;i.O.;
0523;5;23;12,01;12,018;i.O.;i.O.;i.O.;
0524;5;24;12,012;12,022;i.O.;n.i.O.;i.O.;
0525;5;25;12,011;12,019;i.O.;n.i.O.;i.O.;
0526;5;26;12,011;12,02;i.O.;n.i.O.;i.O.;
0527;5;27;12,013;12,02;i.O.;n.i.O.;i.O.;
0528;5;28;12,011;12,021;i.O.;n.i.O.;i.O.;
0529;5;29;12,011;12,018;i.O.;i.O.;i.O.;
0530;5;30;12,011;12,013;i.O.;i.O.;i.O.;
0531;5;31;12,012;12,021;i.O.;n.i.O.;i.O.;
0532;5;32;12,012;12,021;i.O.;n.i.O.;i.O.;
0533;5;33;12,011;12,017;i.O.;i.O.;i.O.;
0534;5;34;12,011;12,017;i.O.;i.O.;i.O.;
0535;5;35;12,011;12,017;i.O.;i.O.;i.O.;
0536;5;36;12,01;12,02;i.O.;n.i.O.;i.O.;
0537;5;37;12,012;12,019;i.O.;n.i.O.;i.O.;
0538;5;38;12,011;12,018;i.O.;i.O.;i.O.;
0539;5;39;12,011;12,017;i.O.;i.O.;i.O.;
0540;5;40;12,012;12,019;i.O.;n.i.O.;i.O.;
0541;5;41;12,012;12,019;i.O.;n.i.O.;i.O.;
0542;5;42;12,012;12,023;i.O.;n.i.O.;i.O.;
0543;5;43;12,011;12,017;i.O.;i.O.;i.O.;
0544;5;44;12,011;12,015;i.O.;i.O.;i.O.;
0545;5;45;12,012;12,019;i.O.;n.i.O.;i.O.;
0546;5;46;12,013;12,02;i.O.;n.i.O.;i.O.;
0547;5;47;12,013;12,021;i.O.;n.i.O.;i.O.;
0548;5;48;12,012;12,02;i.O.;n.i.O.;i.O.;
0549;5;49;12,012;12,017;i.O.;i.O.;i.O.;
0550;5;50;12,012;12,018;i.O.;i.O.;i.O.;
0551;5;51;12,012;12,018;i.O.;i.O.;i.O.;
0552;5;52;12,012;12,024;i.O.;n.i.O.;i.O.;
0553;5;53;12,01;12,019;i.O.;n.i.O.;i.O.;
0554;5;54;12,011;12,021;i.O.;n.i.O.;i.O.;
0555;5;55;12,012;12,018;i.O.;i.O.;i.O.;
0556;5;56;12,012;12,018;i.O.;i.O.;i.O.;
0557;5;57;12,011;12,018;i.O.;i.O.;i.O.;
0558;5;58;12,013;12,02;i.O.;n.i.O.;i.O.;
0559;5;59;12,012;12,019;i.O.;n.i.O.;i.O.;
0560;5;60;12,011;12,017;i.O.;i.O.;i.O.;
0561;5;61;12,011;12,018;i.O.;i.O.;i.O.;
0562;5;62;12,012;12,02;i.O.;n.i.O.;i.O.;
0563;5;63;12,012;12,02;i.O.;n.i.O.;i.O.;
0564;5;64;12,013;12,023;i.O.;n.i.O.;i.O.;
0565;5;65;12,014;12,02;i.O.;n.i.O.;i.O.;
0566;5;66;12,013;12,022;i.O.;n.i.O.;i.O.;
0567;5;67;12,013;12,02;i.O.;n.i.O.;i.O.;
0568;5;68;12,012;12,021;i.O.;n.i.O.;i.O.;
0569;5;69;12,012;12,02;i.O.;n.i.O.;i.O.;
0570;5;70;12,012;12,02;i.O.;n.i.O.;i.O.;
0571;5;71;12,012;12,025;i.O.;n.i.O.;i.O.;
0572;5;72;12,012;12,022;i.O.;n.i.O.;i.O.;
0573;5;73;12,014;12,018;i.O.;i.O.;i.O.;
0574;5;74;12,014;12,021;i.O.;n.i.O.;i.O.;
0575;5;75;12,012;12,017;i.O.;i.O.;i.O.;
0576;5;76;12,013;12,02;i.O.;n.i.O.;i.O.;
0577;5;77;12,012;12,018;i.O.;i.O.;i.O.;
0578;5;78;12,014;12,019;i.O.;n.i.O.;i.O.;
0579;5;79;12,013;12,019;i.O.;n.i.O.;i.O.;
0580;5;80;12,014;12,022;i.O.;n.i.O.;i.O.;
0581;5;81;12,012;12,021;i.O.;n.i.O.;i.O.;
0601;6;1;12,012;12,021;i.O.;n.i.O.;i.O.;
0602;6;2;12,013;12,022;i.O.;n.i.O.;i.O.;
0603;6;3;12,013;12,02;i.O.;n.i.O.;i.O.;
0604;6;4;12,011;12,017;i.O.;i.O.;i.O.;
0605;6;5;12,013;12,021;i.O.;n.i.O.;i.O.;
0606;6;6;12,012;12,019;i.O.;n.i.O.;i.O.;
0607;6;7;12,012;12,022;i.O.;n.i.O.;i.O.;
0608;6;8;12,012;12,018;i.O.;i.O.;i.O.;
0609;6;9;12,014;12,023;i.O.;n.i.O.;i.O.;
0610;6;10;12,012;12,022;i.O.;n.i.O.;i.O.;
0611;6;11;12,012;12,022;i.O.;n.i.O.;i.O.;
0612;6;12;12,013;12,022;i.O.;n.i.O.;i.O.;
0613;6;13;12,013;12,017;i.O.;i.O.;i.O.;
0614;6;14;12,011;12,018;i.O.;i.O.;i.O.;
0615;6;15;12,011;12,021;i.O.;n.i.O.;i.O.;
0616;6;16;12,012;12,021;i.O.;n.i.O.;i.O.;
0617;6;17;12,012;12,021;i.O.;n.i.O.;i.O.;
0618;6;18;12,012;12,018;i.O.;i.O.;i.O.;
0619;6;19;12,012;12,019;i.O.;n.i.O.;i.O.;
0620;6;20;12,012;12,022;i.O.;n.i.O.;i.O.;
0621;6;21;12,012;12,02;i.O.;n.i.O.;i.O.;
0622;6;22;12,012;12,022;i.O.;n.i.O.;i.O.;
0623;6;23;12,013;12,021;i.O.;n.i.O.;i.O.;
0624;6;24;12,012;12,024;i.O.;n.i.O.;i.O.;
0625;6;25;12,011;12,023;i.O.;n.i.O.;i.O.;
0626;6;26;12,011;12,021;i.O.;n.i.O.;i.O.;
0627;6;27;12,012;12,022;i.O.;n.i.O.;i.O.;
0628;6;28;12,012;12,026;i.O.;n.i.O.;i.O.;
0629;6;29;12,011;12,02;i.O.;n.i.O.;i.O.;
0630;6;30;12,011;12,021;i.O.;n.i.O.;i.O.;
0631;6;31;12,011;12,017;i.O.;i.O.;i.O.;
0632;6;32;12,01;12,02;i.O.;n.i.O.;i.O.;
0633;6;33;12,011;12,017;i.O.;i.O.;i.O.;
0634;6;34;12,01;12,019;i.O.;n.i.O.;i.O.;
0635;6;35;12,011;12,02;i.O.;n.i.O.;i.O.;
0636;6;36;12,012;12,018;i.O.;i.O.;i.O.;
0637;6;37;12,012;12,023;i.O.;n.i.O.;i.O.;
0638;6;38;12,011;12,02;i.O.;n.i.O.;i.O.;
0639;6;39;12,013;12,022;i.O.;n.i.O.;i.O.;
0640;6;40;12,013;12,02;i.O.;n.i.O.;i.O.;
0641;6;41;12,012;12,02;i.O.;n.i.O.;i.O.;
0642;6;42;12,012;12,021;i.O.;n.i.O.;i.O.;
0643;6;43;12,011;12,02;i.O.;n.i.O.;i.O.;
0644;6;44;12,012;12,019;i.O.;n.i.O.;i.O.;
0645;6;45;12,012;12,019;i.O.;n.i.O.;i.O.;
0646;6;46;12,011;12,021;i.O.;n.i.O.;i.O.;
0647;6;47;12,011;12,018;i.O.;i.O.;i.O.;
0648;6;48;12,011;12,021;i.O.;n.i.O.;i.O.;
0649;6;49;12,012;12,02;i.O.;n.i.O.;i.O.;
0650;6;50;12,012;12,02;i.O.;n.i.O.;i.O.;
0651;6;51;12,011;12,019;i.O.;n.i.O.;i.O.;
0652;6;52;12,011;12,021;i.O.;n.i.O.;i.O.;
0653;6;53;12,011;12,018;i.O.;i.O.;i.O.;
0654;6;54;12,01;12,021;i.O.;n.i.O.;i.O.;
0655;6;55;12,011;12,02;i.O.;n.i.O.;i.O.;
0656;6;56;12,01;12,023;i.O.;n.i.O.;i.O.;
0657;6;57;12,01;12,017;i.O.;i.O.;i.O.;
0658;6;58;12,01;12,017;i.O.;i.O.;i.O.;
0659;6;59;12,011;12,018;i.O.;i.O.;i.O.;
0660;6;60;12,01;12,017;i.O.;i.O.;i.O.;
0661;6;61;12,01;12,02;i.O.;n.i.O.;i.O.;
0662;6;62;12,01;12,015;i.O.;i.O.;i.O.;
0663;6;63;12,011;12,023;i.O.;n.i.O.;i.O.;
0664;6;64;12,011;12,019;i.O.;n.i.O.;i.O.;
0665;6;65;12,012;12,023;i.O.;n.i.O.;i.O.;
0666;6;66;12,01;12,019;i.O.;n.i.O.;i.O.;
0667;6;67;12,011;12,021;i.O.;n.i.O.;i.O.;
0668;6;68;12,01;12,016;i.O.;i.O.;i.O.;
0669;6;69;12,01;12,021;i.O.;n.i.O.;i.O.;
0670;6;70;12,011;12,022;i.O.;n.i.O.;i.O.;
0671;6;71;12,01;12,021;i.O.;n.i.O.;i.O.;
0672;6;72;12,01;12,018;i.O.;i.O.;i.O.;
0673;6;73;12,011;12,019;i.O.;n.i.O.;i.O.;
0674;6;74;12,012;12,016;i.O.;i.O.;i.O.;
0675;6;75;12,012;12,019;i.O.;n.i.O.;i.O.;
0676;6;76;12,012;12,019;i.O.;n.i.O.;i.O.;
0677;6;77;12,011;12,018;i.O.;i.O.;i.O.;
0678;6;78;12,011;12,023;i.O.;n.i.O.;i.O.;
0679;6;79;12,011;12,018;i.O.;i.O.;i.O.;
0680;6;80;12,011;12,019;i.O.;n.i.O.;i.O.;
0681;6;81;12,013;12,019;i.O.;n.i.O.;i.O.;
0701;7;1;12,012;12,022;i.O.;n.i.O.;i.O.;
0702;7;2;12,011;12,02;i.O.;n.i.O.;i.O.;
0703;7;3;12,011;12,019;i.O.;n.i.O.;i.O.;
0704;7;4;12,011;12,019;i.O.;n.i.O.;i.O.;
0705;7;5;12,01;12,02;i.O.;n.i.O.;i.O.;
0706;7;6;12,011;12,019;i.O.;n.i.O.;i.O.;
0707;7;7;12,01;12,027;i.O.;n.i.O.;i.O.;
0708;7;8;12,012;12,023;i.O.;n.i.O.;i.O.;
0709;7;9;12,011;12,021;i.O.;n.i.O.;i.O.;
0710;7;10;12,011;12,02;i.O.;n.i.O.;i.O.;
0711;7;11;12,012;12,021;i.O.;n.i.O.;i.O.;
0712;7;12;12,011;12,027;i.O.;n.i.O.;i.O.;
0713;7;13;12,012;12,022;i.O.;n.i.O.;i.O.;
0714;7;14;12,012;12,02;i.O.;n.i.O.;i.O.;
0715;7;15;12,011;12,025;i.O.;n.i.O.;i.O.;
0716;7;16;12,011;12,021;i.O.;n.i.O.;i.O.;
0717;7;17;12,011;12,022;i.O.;n.i.O.;i.O.;
0718;7;18;12,011;12,027;i.O.;n.i.O.;i.O.;
0719;7;19;12,011;12,02;i.O.;n.i.O.;i.O.;
0720;7;20;12,012;12,02;i.O.;n.i.O.;i.O.;
0721;7;21;12,013;12,021;i.O.;n.i.O.;i.O.;
0722;7;22;12,011;12,018;i.O.;i.O.;i.O.;
0723;7;23;12,011;12,021;i.O.;n.i.O.;i.O.;
0724;7;24;12,012;12,023;i.O.;n.i.O.;i.O.;
0725;7;25;12,012;12,028;i.O.;n.i.O.;i.O.;
0726;7;26;12,011;12,023;i.O.;n.i.O.;i.O.;
0727;7;27;12,011;12,018;i.O.;i.O.;i.O.;
0728;7;28;12,011;12,021;i.O.;n.i.O.;i.O.;
0729;7;29;12,01;12,02;i.O.;n.i.O.;i.O.;
0730;7;30;12,011;12,025;i.O.;n.i.O.;i.O.;
0731;7;31;12,011;12,021;i.O.;n.i.O.;i.O.;
0732;7;32;12,011;12,016;i.O.;i.O.;i.O.;
0733;7;33;12,011;12,023;i.O.;n.i.O.;i.O.;
0734;7;34;12,011;12,027;i.O.;n.i.O.;i.O.;
0735;7;35;12,011;12,02;i.O.;n.i.O.;i.O.;
0736;7;36;12,012;12,022;i.O.;n.i.O.;i.O.;
0737;7;37;12,012;12,02;i.O.;n.i.O.;i.O.;
0738;7;38;12,012;12,018;i.O.;i.O.;i.O.;
0739;7;39;12,01;12,017;i.O.;i.O.;i.O.;
0740;7;40;12,012;12,017;i.O.;i.O.;i.O.;
0741;7;41;12,012;12,019;i.O.;n.i.O.;i.O.;
0742;7;42;12,01;12,019;i.O.;n.i.O.;i.O.;
0743;7;43;12,009;12,018;i.O.;i.O.;i.O.;
0744;7;44;12,012;12,018;i.O.;i.O.;i.O.;
0745;7;45;12,012;12,018;i.O.;i.O.;i.O.;
0746;7;46;12,012;12,02;i.O.;n.i.O.;i.O.;
0747;7;47;12,012;12,024;i.O.;n.i.O.;i.O.;
0748;7;48;12,012;12,024;i.O.;n.i.O.;i.O.;
0749;7;49;12,012;12,022;i.O.;n.i.O.;i.O.;
0750;7;50;12,012;12,019;i.O.;n.i.O.;i.O.;
0751;7;51;12,012;12,023;i.O.;n.i.O.;i.O.;
0752;7;52;12,013;12,022;i.O.;n.i.O.;i.O.;
0753;7;53;12,011;12,021;i.O.;n.i.O.;i.O.;
0754;7;54;12,012;12,022;i.O.;n.i.O.;i.O.;
0755;7;55;12,012;12,02;i.O.;n.i.O.;i.O.;
0756;7;56;12,011;12,02;i.O.;n.i.O.;i.O.;
0757;7;57;12,012;12,019;i.O.;n.i.O.;i.O.;
0758;7;58;12,011;12,02;i.O.;n.i.O.;i.O.;
0759;7;59;12,013;12,02;i.O.;n.i.O.;i.O.;
0760;7;60;12,013;12,022;i.O.;n.i.O.;i.O.;
0761;7;61;12,013;12,02;i.O.;n.i.O.;i.O.;
0762;7;62;12,012;12,02;i.O.;n.i.O.;i.O.;
0763;7;63;12,014;12,019;i.O.;n.i.O.;i.O.;
0764;7;64;12,013;12,021;i.O.;n.i.O.;i.O.;
0765;7;65;12,014;12,022;i.O.;n.i.O.;i.O.;
0766;7;66;12,013;12,02;i.O.;n.i.O.;i.O.;
0767;7;67;12,012;12,021;i.O.;n.i.O.;i.O.;
0768;7;68;12,013;12,023;i.O.;n.i.O.;i.O.;
0769;7;69;12,014;12,021;i.O.;n.i.O.;i.O.;
0770;7;70;12,011;12,017;i.O.;i.O.;i.O.;
0771;7;71;12,012;12,021;i.O.;n.i.O.;i.O.;
0772;7;72;12,012;12,023;i.O.;n.i.O.;i.O.;
0773;7;73;12,012;12,018;i.O.;i.O.;i.O.;
0774;7;74;12,013;12,021;i.O.;n.i.O.;i.O.;
0775;7;75;12,012;12,023;i.O.;n.i.O.;i.O.;
0776;7;76;12,014;12,019;i.O.;n.i.O.;i.O.;
0777;7;77;12,013;12,019;i.O.;n.i.O.;i.O.;
0778;7;78;12,013;12,023;i.O.;n.i.O.;i.O.;
0779;7;79;12,012;12,02;i.O.;n.i.O.;i.O.;
0780;7;80;12,012;12,023;i.O.;n.i.O.;i.O.;
0781;7;81;12,012;12,02;i.O.;n.i.O.;i.O.;
0801;8;1;12,012;12,02;i.O.;n.i.O.;i.O.;
0802;8;2;12,014;12,023;i.O.;n.i.O.;i.O.;
0803;8;3;12,013;12,025;i.O.;n.i.O.;i.O.;
0804;8;4;12,013;12,021;i.O.;n.i.O.;i.O.;
0805;8;5;12,012;12,022;i.O.;n.i.O.;i.O.;
0806;8;6;12,013;12,018;i.O.;i.O.;i.O.;
0807;8;7;12,013;12,021;i.O.;n.i.O.;i.O.;
0808;8;8;12,012;12,019;i.O.;n.i.O.;i.O.;
0809;8;9;12,013;12,026;i.O.;n.i.O.;i.O.;
0810;8;10;12,012;12,021;i.O.;n.i.O.;i.O.;
0811;8;11;12,013;12,02;i.O.;n.i.O.;i.O.;
0812;8;12;12,013;12,019;i.O.;n.i.O.;i.O.;
0813;8;13;12,012;12,018;i.O.;i.O.;i.O.;
0814;8;14;12,012;12,019;i.O.;n.i.O.;i.O.;
0815;8;15;12,012;12,018;i.O.;i.O.;i.O.;
0816;8;16;12,013;12,019;i.O.;n.i.O.;i.O.;
0817;8;17;12,014;12,02;i.O.;n.i.O.;i.O.;
0818;8;18;12,013;12,023;i.O.;n.i.O.;i.O.;
0819;8;19;12,013;12,031;i.O.;n.i.O.;i.O.;
0820;8;20;12,013;12,021;i.O.;n.i.O.;i.O.;
0821;8;21;12,011;12,022;i.O.;n.i.O.;i.O.;
0822;8;22;12,012;12,022;i.O.;n.i.O.;i.O.;
0823;8;23;12,013;12,021;i.O.;n.i.O.;i.O.;
0824;8;24;12,013;12,021;i.O.;n.i.O.;i.O.;
0825;8;25;12,014;12,023;i.O.;n.i.O.;i.O.;
0826;8;26;12,012;12,021;i.O.;n.i.O.;i.O.;
0827;8;27;12,013;12,021;i.O.;n.i.O.;i.O.;
0828;8;28;12,014;12,019;i.O.;n.i.O.;i.O.;
0829;8;29;12,013;12,021;i.O.;n.i.O.;i.O.;
0830;8;30;12,012;12,019;i.O.;n.i.O.;i.O.;
0831;8;31;12,013;12,02;i.O.;n.i.O.;i.O.;
0832;8;32;12,012;12,025;i.O.;n.i.O.;i.O.;
0833;8;33;12,012;12,021;i.O.;n.i.O.;i.O.;
0834;8;34;12,011;12,02;i.O.;n.i.O.;i.O.;
0835;8;35;12,012;12,016;i.O.;i.O.;i.O.;
0836;8;36;12,013;12,019;i.O.;n.i.O.;i.O.;
0837;8;37;12,012;12,018;i.O.;i.O.;i.O.;
0838;8;38;12,013;12,02;i.O.;n.i.O.;i.O.;
0839;8;39;12,013;12,02;i.O.;n.i.O.;i.O.;
0840;8;40;12,011;12,018;i.O.;i.O.;i.O.;
0841;8;41;12,012;12,019;i.O.;n.i.O.;i.O.;
0842;8;42;12,012;12,019;i.O.;n.i.O.;i.O.;
0843;8;43;12,012;12,02;i.O.;n.i.O.;i.O.;
0844;8;44;12,012;12,019;i.O.;n.i.O.;i.O.;
0845;8;45;12,013;12,022;i.O.;n.i.O.;i.O.;
0846;8;46;12,011;12,019;i.O.;n.i.O.;i.O.;
0847;8;47;12,011;12,019;i.O.;n.i.O.;i.O.;
0848;8;48;12,012;12,02;i.O.;n.i.O.;i.O.;
0849;8;49;12,011;12,019;i.O.;n.i.O.;i.O.;
0850;8;50;12,013;12,021;i.O.;n.i.O.;i.O.;
0851;8;51;12,011;12,021;i.O.;n.i.O.;i.O.;
0852;8;52;12,012;12,02;i.O.;n.i.O.;i.O.;
0853;8;53;12,011;12,02;i.O.;n.i.O.;i.O.;
0854;8;54;12,013;12,021;i.O.;n.i.O.;i.O.;
0855;8;55;12,011;12,023;i.O.;n.i.O.;i.O.;
0856;8;56;12,011;12,021;i.O.;n.i.O.;i.O.;
0857;8;57;12,011;12,021;i.O.;n.i.O.;i.O.;
0858;8;58;12,012;12,02;i.O.;n.i.O.;i.O.;
0859;8;59;12,012;12,019;i.O.;n.i.O.;i.O.;
0860;8;60;12,012;12,021;i.O.;n.i.O.;i.O.;
0861;8;61;12,011;12,02;i.O.;n.i.O.;i.O.;
0862;8;62;12,012;12,02;i.O.;n.i.O.;i.O.;
0863;8;63;12,012;12,023;i.O.;n.i.O.;i.O.;
0864;8;64;12,013;12,02;i.O.;n.i.O.;i.O.;
0865;8;65;12,011;12,019;i.O.;n.i.O.;i.O.;
0866;8;66;12,012;12,019;i.O.;n.i.O.;i.O.;
0867;8;67;12,012;12,024;i.O.;n.i.O.;i.O.;
0868;8;68;12,012;12,019;i.O.;n.i.O.;i.O.;
0869;8;69;12,011;12,022;i.O.;n.i.O.;i.O.;
0870;8;70;12,011;12,021;i.O.;n.i.O.;i.O.;
0871;8;71;12,012;12,021;i.O.;n.i.O.;i.O.;
0872;8;72;12,012;12,022;i.O.;n.i.O.;i.O.;
0873;8;73;12,011;12,02;i.O.;n.i.O.;i.O.;
0874;8;74;12,013;12,018;i.O.;i.O.;i.O.;
0875;8;75;12,013;12,02;i.O.;n.i.O.;i.O.;
0876;8;76;12,014;12,022;i.O.;n.i.O.;i.O.;
0877;8;77;12,012;12,02;i.O.;n.i.O.;i.O.;
0878;8;78;12,01;12,017;i.O.;i.O.;i.O.;
0879;8;79;12,012;12,02;i.O.;n.i.O.;i.O.;
0880;8;80;12,012;12,018;i.O.;i.O.;i.O.;
0881;8;81;12,011;12,021;i.O.;n.i.O.;i.O.;
0901;9;1;12,012;12,026;i.O.;n.i.O.;i.O.;
0902;9;2;12,011;12,021;i.O.;n.i.O.;i.O.;
0903;9;3;12,014;12,022;i.O.;n.i.O.;i.O.;
0904;9;4;12,012;12,022;i.O.;n.i.O.;i.O.;
0905;9;5;12,013;12,023;i.O.;n.i.O.;i.O.;
0906;9;6;12,012;12,023;i.O.;n.i.O.;i.O.;
0907;9;7;12,014;12,022;i.O.;n.i.O.;i.O.;
0908;9;8;12,011;12,023;i.O.;n.i.O.;i.O.;
0909;9;9;12,012;12,02;i.O.;n.i.O.;i.O.;
0910;9;10;12,012;12,02;i.O.;n.i.O.;i.O.;
0911;9;11;12,013;12,027;i.O.;n.i.O.;i.O.;
0912;9;12;12,014;12,02;i.O.;n.i.O.;i.O.;
0913;9;13;12,012;12,024;i.O.;n.i.O.;i.O.;
0914;9;14;12,013;12,021;i.O.;n.i.O.;i.O.;
0915;9;15;12,012;12,022;i.O.;n.i.O.;i.O.;
0916;9;16;12,011;12,021;i.O.;n.i.O.;i.O.;
0917;9;17;12,011;12,021;i.O.;n.i.O.;i.O.;
0918;9;18;12,011;12,022;i.O.;n.i.O.;i.O.;
0919;9;19;12,012;12,017;i.O.;i.O.;i.O.;
0920;9;20;12,011;12,02;i.O.;n.i.O.;i.O.;
0921;9;21;12,011;12,019;i.O.;n.i.O.;i.O.;
0922;9;22;12,011;12,021;i.O.;n.i.O.;i.O.;
0923;9;23;12,012;12,019;i.O.;n.i.O.;i.O.;
0924;9;24;12,011;12,02;i.O.;n.i.O.;i.O.;
0925;9;25;12,011;12,024;i.O.;n.i.O.;i.O.;
0926;9;26;12,013;12,02;i.O.;n.i.O.;i.O.;
0927;9;27;12,012;12,019;i.O.;n.i.O.;i.O.;
0928;9;28;12,011;12,022;i.O.;n.i.O.;i.O.;
0929;9;29;12,012;12,021;i.O.;n.i.O.;i.O.;
0930;9;30;12,011;12,018;i.O.;i.O.;i.O.;
0931;9;31;12,011;12,018;i.O.;i.O.;i.O.;
0932;9;32;12,009;12,023;i.O.;n.i.O.;i.O.;
0933;9;33;12,011;12,02;i.O.;n.i.O.;i.O.;
0934;9;34;12,011;12,026;i.O.;n.i.O.;i.O.;
0935;9;35;12,012;12,019;i.O.;n.i.O.;i.O.;
0936;9;36;12,013;12,02;i.O.;n.i.O.;i.O.;
0937;9;37;12,013;12,017;i.O.;i.O.;i.O.;
0938;9;38;12,013;12,021;i.O.;n.i.O.;i.O.;
0939;9;39;12,012;12,02;i.O.;n.i.O.;i.O.;
0940;9;40;12,012;12,023;i.O.;n.i.O.;i.O.;
0941;9;41;12,013;12,021;i.O.;n.i.O.;i.O.;
0942;9;42;12,011;12,02;i.O.;n.i.O.;i.O.;
0943;9;43;12,012;12,018;i.O.;i.O.;i.O.;
0944;9;44;12,012;12,019;i.O.;n.i.O.;i.O.;
0945;9;45;12,012;12,019;i.O.;n.i.O.;i.O.;
0946;9;46;12,012;12,02;i.O.;n.i.O.;i.O.;
0947;9;47;12,012;12,021;i.O.;n.i.O.;i.O.;
0948;9;48;12,013;12,02;i.O.;n.i.O.;i.O.;
0949;9;49;12,012;12,02;i.O.;n.i.O.;i.O.;
0950;9;50;12,011;12,02;i.O.;n.i.O.;i.O.;
0951;9;51;12,012;12,021;i.O.;n.i.O.;i.O.;
0952;9;52;12,012;12,022;i.O.;n.i.O.;i.O.;
0953;9;53;12,012;12,023;i.O.;n.i.O.;i.O.;
0954;9;54;12,013;12,022;i.O.;n.i.O.;i.O.;
0955;9;55;12,012;12,022;i.O.;n.i.O.;i.O.;
0956;9;56;12,012;12,02;i.O.;n.i.O.;i.O.;
0957;9;57;12,012;12,018;i.O.;i.O.;i.O.;
0958;9;58;12,011;12,018;i.O.;i.O.;i.O.;
0959;9;59;12,013;12,02;i.O.;n.i.O.;i.O.;
0960;9;60;12,012;12,02;i.O.;n.i.O.;i.O.;
0961;9;61;12,012;12,02;i.O.;n.i.O.;i.O.;
0962;9;62;12,012;12,019;i.O.;n.i.O.;i.O.;
0963;9;63;12,011;12,017;i.O.;i.O.;i.O.;
0964;9;64;12,011;12,024;i.O.;n.i.O.;i.O.;
0965;9;65;12,014;12,02;i.O.;n.i.O.;i.O.;
0966;9;66;12,013;12,02;i.O.;n.i.O.;i.O.;
0967;9;67;12,012;12,019;i.O.;n.i.O.;i.O.;
0968;9;68;12,012;12,019;i.O.;n.i.O.;i.O.;
0969;9;69;12,011;12,015;i.O.;i.O.;i.O.;
0970;9;70;12,012;12,017;i.O.;i.O.;i.O.;
0971;9;71;12,012;12,018;i.O.;i.O.;i.O.;
0972;9;72;12,013;12,022;i.O.;n.i.O.;i.O.;
0973;9;73;12,013;12,02;i.O.;n.i.O.;i.O.;
0974;9;74;12,013;12,018;i.O.;i.O.;i.O.;
0975;9;75;12,013;12,017;i.O.;i.O.;i.O.;
0976;9;76;12,013;12,021;i.O.;n.i.O.;i.O.;
0977;9;77;12,013;12,018;i.O.;i.O.;i.O.;
0978;9;78;12,012;12,018;i.O.;i.O.;i.O.;
0979;9;79;12,012;12,021;i.O.;n.i.O.;i.O.;
0980;9;80;12,014;12,021;i.O.;n.i.O.;i.O.;
0981;9;81;12,013;12,017;i.O.;i.O.;i.O.;
1001;10;1;12,012;12,02;i.O.;n.i.O.;i.O.;
1002;10;2;12,011;12,02;i.O.;n.i.O.;i.O.;
1003;10;3;12,011;12,023;i.O.;n.i.O.;i.O.;
1004;10;4;12,011;12,024;i.O.;n.i.O.;i.O.;
1005;10;5;12,012;12,018;i.O.;i.O.;i.O.;
1006;10;6;12,011;12,02;i.O.;n.i.O.;i.O.;
1007;10;7;12,011;12,02;i.O.;n.i.O.;i.O.;
1008;10;8;12,012;12,019;i.O.;n.i.O.;i.O.;
1009;10;9;12,012;12,019;i.O.;n.i.O.;i.O.;
1010;10;10;12,012;12,024;i.O.;n.i.O.;i.O.;
1011;10;11;12,013;12,021;i.O.;n.i.O.;i.O.;
1012;10;12;12,011;12,019;i.O.;n.i.O.;i.O.;
1013;10;13;12,012;12,022;i.O.;n.i.O.;i.O.;
1014;10;14;12,012;12,019;i.O.;n.i.O.;i.O.;
1015;10;15;12,011;12,02;i.O.;n.i.O.;i.O.;
1016;10;16;12,012;12,02;i.O.;n.i.O.;i.O.;
1017;10;17;12,011;12,019;i.O.;n.i.O.;i.O.;
1018;10;18;12,011;12,022;i.O.;n.i.O.;i.O.;
1019;10;19;12,011;12,022;i.O.;n.i.O.;i.O.;
1020;10;20;12,012;12,028;i.O.;n.i.O.;i.O.;
1021;10;21;12,013;12,021;i.O.;n.i.O.;i.O.;
1022;10;22;12,012;12,018;i.O.;i.O.;i.O.;
1023;10;23;12,011;12,026;i.O.;n.i.O.;i.O.;
1024;10;24;12,013;12,022;i.O.;n.i.O.;i.O.;
1025;10;25;12,013;12,024;i.O.;n.i.O.;i.O.;
1026;10;26;12,013;12,022;i.O.;n.i.O.;i.O.;
1027;10;27;12,011;12,021;i.O.;n.i.O.;i.O.;
1028;10;28;12,013;12,022;i.O.;n.i.O.;i.O.;
1029;10;29;12,01;12,021;i.O.;n.i.O.;i.O.;
1030;10;30;12,011;12,022;i.O.;n.i.O.;i.O.;
1031;10;31;12,011;12,022;i.O.;n.i.O.;i.O.;
1032;10;32;12,012;12,022;i.O.;n.i.O.;i.O.;
1033;10;33;12,012;12,024;i.O.;n.i.O.;i.O.;
1034;10;34;12,01;12,016;i.O.;i.O.;i.O.;
1035;10;35;12,012;12,024;i.O.;n.i.O.;i.O.;
1036;10;36;12,012;12,021;i.O.;n.i.O.;i.O.;
1037;10;37;12,012;12,022;i.O.;n.i.O.;i.O.;
1038;10;38;12,012;12,022;i.O.;n.i.O.;i.O.;
1039;10;39;12,011;12,022;i.O.;n.i.O.;i.O.;
1040;10;40;12,013;12,019;i.O.;n.i.O.;i.O.;
1041;10;41;12,011;12,025;i.O.;n.i.O.;i.O.;
1042;10;42;12,012;12,018;i.O.;i.O.;i.O.;
1043;10;43;12,011;12,019;i.O.;n.i.O.;i.O.;
1044;10;44;12,012;12,017;i.O.;i.O.;i.O.;
1045;10;45;12,012;12,018;i.O.;i.O.;i.O.;
1046;10;46;12,011;12,018;i.O.;i.O.;i.O.;
1047;10;47;12,013;12,019;i.O.;n.i.O.;i.O.;
1048;10;48;12,012;12,011;i.O.;i.O.;i.O.;
1049;10;49;12,012;12,013;i.O.;i.O.;i.O.;
1050;10;50;12,012;12,015;i.O.;i.O.;i.O.;
1051;10;51;12,013;12,02;i.O.;n.i.O.;i.O.;
1052;10;52;12,012;12,011;i.O.;i.O.;i.O.;
1053;10;53;12,011;12,021;i.O.;n.i.O.;i.O.;
1054;10;54;12,012;12,025;i.O.;n.i.O.;i.O.;
1055;10;55;12,011;12,021;i.O.;n.i.O.;i.O.;
1056;10;56;12,01;12,017;i.O.;i.O.;i.O.;
1057;10;57;12,012;12,021;i.O.;n.i.O.;i.O.;
1058;10;58;12,012;12,022;i.O.;n.i.O.;i.O.;
1059;10;59;12,011;12,021;i.O.;n.i.O.;i.O.;
1060;10;60;12,013;12,018;i.O.;i.O.;i.O.;
1061;10;61;12,012;12,013;i.O.;i.O.;i.O.;
1062;10;62;12,01;12,02;i.O.;n.i.O.;i.O.;
1063;10;63;12,012;12,023;i.O.;n.i.O.;i.O.;
1064;10;64;12,013;12,023;i.O.;n.i.O.;i.O.;
1065;10;65;12,012;12,021;i.O.;n.i.O.;i.O.;
1066;10;66;12,012;12,022;i.O.;n.i.O.;i.O.;
1067;10;67;12,012;12,021;i.O.;n.i.O.;i.O.;
1068;10;68;12,012;12,019;i.O.;n.i.O.;i.O.;
1069;10;69;12,012;12,019;i.O.;n.i.O.;i.O.;
1070;10;70;12,012;12,021;i.O.;n.i.O.;i.O.;
1071;10;71;12,011;12,018;i.O.;i.O.;i.O.;
1072;10;72;12,011;12,018;i.O.;i.O.;i.O.;
1073;10;73;12,01;12,017;i.O.;i.O.;i.O.;
1074;10;74;12,013;12,022;i.O.;n.i.O.;i.O.;
1075;10;75;12,012;12,022;i.O.;n.i.O.;i.O.;
1076;10;76;12,013;12,025;i.O.;n.i.O.;i.O.;
1077;10;77;12,014;12,017;i.O.;i.O.;i.O.;
1078;10;78;12,013;12,02;i.O.;n.i.O.;i.O.;
1079;10;79;12,013;12,021;i.O.;n.i.O.;i.O.;
1080;10;80;12,011;12,021;i.O.;n.i.O.;i.O.;
1081;10;81;12,012;12,02;i.O.;n.i.O.;i.O.;
1101;11;1;12,012;12,014;i.O.;i.O.;i.O.;
1102;11;2;12,013;12,015;i.O.;i.O.;i.O.;
1103;11;3;12,014;12,015;i.O.;i.O.;i.O.;
1104;11;4;12,011;12,015;i.O.;i.O.;i.O.;
1105;11;5;12,012;12,015;i.O.;i.O.;i.O.;
1106;11;6;12,013;12,017;i.O.;i.O.;i.O.;
1107;11;7;12,013;12,015;i.O.;i.O.;i.O.;
1108;11;8;12,012;12,015;i.O.;i.O.;i.O.;
1109;11;9;12,013;12,016;i.O.;i.O.;i.O.;
1110;11;10;12,013;12,013;i.O.;i.O.;i.O.;
1111;11;11;12,011;12,016;i.O.;i.O.;i.O.;
1112;11;12;12,012;12,013;i.O.;i.O.;i.O.;
1113;11;13;12,013;12,015;i.O.;i.O.;i.O.;
1114;11;14;12,011;12,012;i.O.;i.O.;i.O.;
1115;11;15;12,012;12,016;i.O.;i.O.;i.O.;
1116;11;16;12,013;12,019;i.O.;n.i.O.;i.O.;
1117;11;17;12,011;12,013;i.O.;i.O.;i.O.;
1118;11;18;12,011;12,016;i.O.;i.O.;i.O.;
1119;11;19;12,011;12,02;i.O.;n.i.O.;i.O.;
1120;11;20;12,011;12,019;i.O.;n.i.O.;i.O.;
1121;11;21;12,011;12,015;i.O.;i.O.;i.O.;
1122;11;22;12,012;12,017;i.O.;i.O.;i.O.;
1123;11;23;12,01;12,014;i.O.;i.O.;i.O.;
1124;11;24;12,012;12,016;i.O.;i.O.;i.O.;
1125;11;25;12,011;12,011;i.O.;i.O.;i.O.;
1126;11;26;12,011;12,019;i.O.;n.i.O.;i.O.;
1127;11;27;12,01;12,014;i.O.;i.O.;i.O.;
1128;11;28;12,013;12,017;i.O.;i.O.;i.O.;
1129;11;29;12,011;12,014;i.O.;i.O.;i.O.;
1130;11;30;12,012;12,016;i.O.;i.O.;i.O.;
1131;11;31;12,01;12,011;i.O.;i.O.;i.O.;
1132;11;32;12,012;12,016;i.O.;i.O.;i.O.;
1133;11;33;12,012;12,018;i.O.;i.O.;i.O.;
1134;11;34;12,013;12,018;i.O.;i.O.;i.O.;
1135;11;35;12,013;12,018;i.O.;i.O.;i.O.;
1136;11;36;12,013;12,012;i.O.;i.O.;i.O.;
1137;11;37;12,012;12,013;i.O.;i.O.;i.O.;
1138;11;38;12,012;12,015;i.O.;i.O.;i.O.;
1139;11;39;12,012;12,015;i.O.;i.O.;i.O.;
1140;11;40;12,011;12,016;i.O.;i.O.;i.O.;
1141;11;41;12,012;12,016;i.O.;i.O.;i.O.;
1142;11;42;12,013;12,016;i.O.;i.O.;i.O.;
1143;11;43;12,01;12,012;i.O.;i.O.;i.O.;
1144;11;44;12,013;12,019;i.O.;n.i.O.;i.O.;
1145;11;45;12,011;12,013;i.O.;i.O.;i.O.;
1146;11;46;12,011;12,016;i.O.;i.O.;i.O.;
1147;11;47;12,013;12,021;i.O.;n.i.O.;i.O.;
1148;11;48;12,012;12,018;i.O.;i.O.;i.O.;
1149;11;49;12,012;12,012;i.O.;i.O.;i.O.;
1150;11;50;12,012;12,015;i.O.;i.O.;i.O.;
1151;11;51;12,012;12,013;i.O.;i.O.;i.O.;
1152;11;52;12,013;12,015;i.O.;i.O.;i.O.;
1153;11;53;12,012;12,019;i.O.;n.i.O.;i.O.;
1154;11;54;12,013;12,014;i.O.;i.O.;i.O.;
1155;11;55;12,013;12,016;i.O.;i.O.;i.O.;
1156;11;56;12,013;12,015;i.O.;i.O.;i.O.;
1157;11;57;12,013;12,016;i.O.;i.O.;i.O.;
1158;11;58;12,012;12,013;i.O.;i.O.;i.O.;
1159;11;59;12,011;12,015;i.O.;i.O.;i.O.;
1160;11;60;12,012;12,019;i.O.;n.i.O.;i.O.;
1161;11;61;12,013;12,013;i.O.;i.O.;i.O.;
1162;11;62;12,01;12,013;i.O.;i.O.;i.O.;
1163;11;63;12,011;12,013;i.O.;i.O.;i.O.;
1164;11;64;12,012;12,016;i.O.;i.O.;i.O.;
1165;11;65;12,012;12,02;i.O.;n.i.O.;i.O.;
1166;11;66;12,011;12,012;i.O.;i.O.;i.O.;
1167;11;67;12,013;12,015;i.O.;i.O.;i.O.;
1168;11;68;12,01;12,013;i.O.;i.O.;i.O.;
1169;11;69;12,013;12,017;i.O.;i.O.;i.O.;
1170;11;70;12,013;12,013;i.O.;i.O.;i.O.;
1171;11;71;12,012;12,013;i.O.;i.O.;i.O.;
1172;11;72;12,012;12,016;i.O.;i.O.;i.O.;
1173;11;73;12,014;12,014;i.O.;i.O.;i.O.;
1174;11;74;12,012;12,012;i.O.;i.O.;i.O.;
1175;11;75;12,012;12,014;i.O.;i.O.;i.O.;
1176;11;76;12,011;12,012;i.O.;i.O.;i.O.;
1177;11;77;12,012;12,011;i.O.;i.O.;i.O.;
1178;11;78;12,012;12,014;i.O.;i.O.;i.O.;
1179;11;79;12,012;12,02;i.O.;n.i.O.;i.O.;
1180;11;80;12,011;12,022;i.O.;n.i.O.;i.O.;
1181;11;81;12,01;12,011;i.O.;i.O.;i.O.;
1201;12;1;12,012;12,017;i.O.;i.O.;i.O.;
1202;12;2;12,012;12,02;i.O.;n.i.O.;i.O.;
1203;12;3;12,013;12,018;i.O.;i.O.;i.O.;
1204;12;4;12,012;12,017;i.O.;i.O.;i.O.;
1205;12;5;12,013;12,02;i.O.;n.i.O.;i.O.;
1206;12;6;12,012;12,022;i.O.;n.i.O.;i.O.;
1207;12;7;12,013;12,016;i.O.;i.O.;i.O.;
1208;12;8;12,013;12,016;i.O.;i.O.;i.O.;
1209;12;9;12,013;12,016;i.O.;i.O.;i.O.;
1210;12;10;12,012;12,015;i.O.;i.O.;i.O.;
1211;12;11;12,014;12,021;i.O.;n.i.O.;i.O.;
1212;12;12;12,013;12,017;i.O.;i.O.;i.O.;
1213;12;13;12,014;12,021;i.O.;n.i.O.;i.O.;
1214;12;14;12,012;12,016;i.O.;i.O.;i.O.;
1215;12;15;12,011;12,015;i.O.;i.O.;i.O.;
1216;12;16;12,012;12,017;i.O.;i.O.;i.O.;
1217;12;17;12,013;12,019;i.O.;n.i.O.;i.O.;
1218;12;18;12,013;12,017;i.O.;i.O.;i.O.;
1219;12;19;12,012;12,017;i.O.;i.O.;i.O.;
1220;12;20;12,014;12,017;i.O.;i.O.;i.O.;
1221;12;21;12,012;12,016;i.O.;i.O.;i.O.;
1222;12;22;12,014;12,024;i.O.;n.i.O.;i.O.;
1223;12;23;12,013;12,019;i.O.;n.i.O.;i.O.;
1224;12;24;12,012;12,015;i.O.;i.O.;i.O.;
1225;12;25;12,014;12,02;i.O.;n.i.O.;i.O.;
1226;12;26;12,012;12,018;i.O.;i.O.;i.O.;
1227;12;27;12,012;12,016;i.O.;i.O.;i.O.;
1228;12;28;12,013;12,017;i.O.;i.O.;i.O.;
1229;12;29;12,012;12,018;i.O.;i.O.;i.O.;
1230;12;30;12,012;12,018;i.O.;i.O.;i.O.;
1231;12;31;12,013;12,021;i.O.;n.i.O.;i.O.;
1232;12;32;12,012;12,018;i.O.;i.O.;i.O.;
1233;12;33;12,013;12,018;i.O.;i.O.;i.O.;
1234;12;34;12,011;12,018;i.O.;i.O.;i.O.;
1235;12;35;12,012;12,018;i.O.;i.O.;i.O.;
1236;12;36;12,013;12,018;i.O.;i.O.;i.O.;
1237;12;37;12,012;12,019;i.O.;n.i.O.;i.O.;
1238;12;38;12,012;12,017;i.O.;i.O.;i.O.;
1239;12;39;12,014;12,019;i.O.;n.i.O.;i.O.;
1240;12;40;12,014;12,014;i.O.;i.O.;i.O.;
1241;12;41;12,01;12,008;i.O.;i.O.;i.O.;
1242;12;42;12,013;12,01;i.O.;i.O.;i.O.;
1243;12;43;12,013;12,013;i.O.;i.O.;i.O.;
1244;12;44;12,014;12,021;i.O.;n.i.O.;i.O.;
1245;12;45;12,012;12,014;i.O.;i.O.;i.O.;
1246;12;46;12,013;12,018;i.O.;i.O.;i.O.;
1247;12;47;12,011;12,013;i.O.;i.O.;i.O.;
1248;12;48;12,012;12,017;i.O.;i.O.;i.O.;
1249;12;49;12,012;12,009;i.O.;i.O.;i.O.;
1250;12;50;12,012;12,015;i.O.;i.O.;i.O.;
1251;12;51;12,011;12,013;i.O.;i.O.;i.O.;
1252;12;52;12,011;12,011;i.O.;i.O.;i.O.;
1253;12;53;12,014;12,018;i.O.;i.O.;i.O.;
1254;12;54;12,013;12,009;i.O.;i.O.;i.O.;
1255;12;55;12,012;12,01;i.O.;i.O.;i.O.;
1256;12;56;12,01;12,012;i.O.;i.O.;i.O.;
1257;12;57;12,011;12,009;i.O.;i.O.;i.O.;
1258;12;58;12,011;12,012;i.O.;i.O.;i.O.;
1259;12;59;12,012;12,011;i.O.;i.O.;i.O.;
1260;12;60;12,014;12,021;i.O.;n.i.O.;i.O.;
1261;12;61;12,011;12,014;i.O.;i.O.;i.O.;
1262;12;62;12,013;12,021;i.O.;n.i.O.;i.O.;
1263;12;63;12,012;12,016;i.O.;i.O.;i.O.;
1264;12;64;12,012;12,018;i.O.;i.O.;i.O.;
1265;12;65;12,012;12,018;i.O.;i.O.;i.O.;
1266;12;66;12,013;12,017;i.O.;i.O.;i.O.;
1267;12;67;12,013;12,016;i.O.;i.O.;i.O.;
1268;12;68;12,014;12,019;i.O.;n.i.O.;i.O.;
1269;12;69;12,013;12,017;i.O.;i.O.;i.O.;
1270;12;70;12,012;12,017;i.O.;i.O.;i.O.;
1271;12;71;12,013;12,021;i.O.;n.i.O.;i.O.;
1272;12;72;12,013;12,017;i.O.;i.O.;i.O.;
1273;12;73;12,013;12,015;i.O.;i.O.;i.O.;
1274;12;74;12,014;12,018;i.O.;i.O.;i.O.;
1275;12;75;12,013;12,018;i.O.;i.O.;i.O.;
1276;12;76;12,014;12,017;i.O.;i.O.;i.O.;
1277;12;77;12,009;12,014;i.O.;i.O.;i.O.;
1278;12;78;12,012;12,014;i.O.;i.O.;i.O.;
1279;12;79;12,013;12,016;i.O.;i.O.;i.O.;
1280;12;80;12,012;12,017;i.O.;i.O.;i.O.;
1281;12;81;12,012;12,017;i.O.;i.O.;i.O.;
1301;13;1;12,011;12,011;i.O.;i.O.;i.O.;
1302;13;2;12,011;12,011;i.O.;i.O.;i.O.;
1303;13;3;12,012;12,016;i.O.;i.O.;i.O.;
1304;13;4;12,012;12,016;i.O.;i.O.;i.O.;
1305;13;5;12,012;12,018;i.O.;i.O.;i.O.;
1306;13;6;12,01;12,013;i.O.;i.O.;i.O.;
1307;13;7;12,011;12,014;i.O.;i.O.;i.O.;
1308;13;8;12,012;12,014;i.O.;i.O.;i.O.;
1309;13;9;12,012;12,018;i.O.;i.O.;i.O.;
1310;13;10;12,011;12,016;i.O.;i.O.;i.O.;
1311;13;11;12,012;12,015;i.O.;i.O.;i.O.;
1312;13;12;12,011;12,017;i.O.;i.O.;i.O.;
1313;13;13;12,01;12,015;i.O.;i.O.;i.O.;
1314;13;14;12,011;12,019;i.O.;n.i.O.;i.O.;
1315;13;15;12,01;12,016;i.O.;i.O.;i.O.;
1316;13;16;12,01;12,017;i.O.;i.O.;i.O.;
1317;13;17;12,011;12,014;i.O.;i.O.;i.O.;
1318;13;18;12,013;12,016;i.O.;i.O.;i.O.;
1319;13;19;12,011;12,018;i.O.;i.O.;i.O.;
1320;13;20;12,012;12,018;i.O.;i.O.;i.O.;
1321;13;21;12,011;12,014;i.O.;i.O.;i.O.;
1322;13;22;12,011;12,021;i.O.;n.i.O.;i.O.;
1323;13;23;12,013;12,023;i.O.;n.i.O.;i.O.;
1324;13;24;12,01;12,013;i.O.;i.O.;i.O.;
1325;13;25;12,012;12,016;i.O.;i.O.;i.O.;
1326;13;26;12,013;12,018;i.O.;i.O.;i.O.;
1327;13;27;12,011;12,016;i.O.;i.O.;i.O.;
1328;13;28;12,012;12,019;i.O.;n.i.O.;i.O.;
1329;13;29;12,011;12,02;i.O.;n.i.O.;i.O.;
1330;13;30;12,014;12,026;i.O.;n.i.O.;i.O.;
1331;13;31;12,012;12,017;i.O.;i.O.;i.O.;
1332;13;32;12,012;12,015;i.O.;i.O.;i.O.;
1333;13;33;12,013;12,016;i.O.;i.O.;i.O.;
1334;13;34;12,013;12,014;i.O.;i.O.;i.O.;
1335;13;35;12,011;12,017;i.O.;i.O.;i.O.;
1336;13;36;12,011;12,014;i.O.;i.O.;i.O.;
1337;13;37;12,013;12,019;i.O.;n.i.O.;i.O.;
1338;13;38;12,012;12,012;i.O.;i.O.;i.O.;
1339;13;39;12,014;12,018;i.O.;i.O.;i.O.;
1340;13;40;12,011;12,015;i.O.;i.O.;i.O.;
1341;13;41;12,012;12,015;i.O.;i.O.;i.O.;
1342;13;42;12,011;12,017;i.O.;i.O.;i.O.;
1343;13;43;12,014;12,019;i.O.;n.i.O.;i.O.;
1344;13;44;12,012;12,015;i.O.;i.O.;i.O.;
1345;13;45;12,014;12,019;i.O.;n.i.O.;i.O.;
1346;13;46;12,012;12,017;i.O.;i.O.;i.O.;
1347;13;47;12,012;12,016;i.O.;i.O.;i.O.;
1348;13;48;12,013;12,018;i.O.;i.O.;i.O.;
1349;13;49;12,012;12,012;i.O.;i.O.;i.O.;
1350;13;50;12,011;12,014;i.O.;i.O.;i.O.;
1351;13;51;12,014;12,018;i.O.;i.O.;i.O.;
1352;13;52;12,011;12,011;i.O.;i.O.;i.O.;
1353;13;53;12,012;12,012;i.O.;i.O.;i.O.;
1354;13;54;12,012;12,013;i.O.;i.O.;i.O.;
1355;13;55;12,013;12,016;i.O.;i.O.;i.O.;
1356;13;56;12,014;12,015;i.O.;i.O.;i.O.;
1357;13;57;12,012;12,015;i.O.;i.O.;i.O.;
1358;13;58;12,012;12,021;i.O.;n.i.O.;i.O.;
1359;13;59;12,013;12,014;i.O.;i.O.;i.O.;
1360;13;60;12,013;12,018;i.O.;i.O.;i.O.;
1361;13;61;12,012;12,015;i.O.;i.O.;i.O.;
1362;13;62;12,013;12,014;i.O.;i.O.;i.O.;
1363;13;63;12,012;12,013;i.O.;i.O.;i.O.;
1364;13;64;12,013;12,015;i.O.;i.O.;i.O.;
1365;13;65;12,014;12,019;i.O.;n.i.O.;i.O.;
1366;13;66;12,012;12,015;i.O.;i.O.;i.O.;
1367;13;67;12,013;12,015;i.O.;i.O.;i.O.;
1368;13;68;12,01;12,014;i.O.;i.O.;i.O.;
1369;13;69;12,011;12,01;i.O.;i.O.;i.O.;
1370;13;70;12,01;12,013;i.O.;i.O.;i.O.;
1371;13;71;12,01;12,012;i.O.;i.O.;i.O.;
1372;13;72;12,012;12,014;i.O.;i.O.;i.O.;
1373;13;73;12,011;12,014;i.O.;i.O.;i.O.;
1374;13;74;12,013;12,012;i.O.;i.O.;i.O.;
1375;13;75;12,012;12,013;i.O.;i.O.;i.O.;
1376;13;76;12,012;12,013;i.O.;i.O.;i.O.;
1377;13;77;12,012;12,013;i.O.;i.O.;i.O.;
1378;13;78;12,013;12,011;i.O.;i.O.;i.O.;
1379;13;79;12,013;12,013;i.O.;i.O.;i.O.;
1380;13;80;12,013;12,018;i.O.;i.O.;i.O.;
1381;13;81;12,014;12,013;i.O.;i.O.;i.O.;
1401;14;1;12,013;12,018;i.O.;i.O.;i.O.;
1402;14;2;12,014;12,022;i.O.;n.i.O.;i.O.;
1403;14;3;12,014;12,02;i.O.;n.i.O.;i.O.;
1404;14;4;12,014;12,015;i.O.;i.O.;i.O.;
1405;14;5;12,011;12,018;i.O.;i.O.;i.O.;
1406;14;6;12,014;12,019;i.O.;n.i.O.;i.O.;
1407;14;7;12,014;12,015;i.O.;i.O.;i.O.;
1408;14;8;12,012;12,013;i.O.;i.O.;i.O.;
1409;14;9;12,013;12,016;i.O.;i.O.;i.O.;
1410;14;10;12,014;12,017;i.O.;i.O.;i.O.;
1411;14;11;12,014;12,015;i.O.;i.O.;i.O.;
1412;14;12;12,013;12,015;i.O.;i.O.;i.O.;
1413;14;13;12,013;12,02;i.O.;n.i.O.;i.O.;
1414;14;14;12,011;12,012;i.O.;i.O.;i.O.;
1415;14;15;12,014;12,018;i.O.;i.O.;i.O.;
1416;14;16;12,012;12,013;i.O.;i.O.;i.O.;
1417;14;17;12,011;12,013;i.O.;i.O.;i.O.;
1418;14;18;12,011;12,011;i.O.;i.O.;i.O.;
1419;14;19;12,012;12,019;i.O.;n.i.O.;i.O.;
1420;14;20;12,013;12,018;i.O.;i.O.;i.O.;
1421;14;21;12,013;12,016;i.O.;i.O.;i.O.;
1422;14;22;12,011;12,018;i.O.;i.O.;i.O.;
1423;14;23;12,012;12,018;i.O.;i.O.;i.O.;
1424;14;24;12,013;12,018;i.O.;i.O.;i.O.;
1425;14;25;12,014;12,016;i.O.;i.O.;i.O.;
1426;14;26;12,013;12,016;i.O.;i.O.;i.O.;
1427;14;27;12,013;12,014;i.O.;i.O.;i.O.;
1428;14;28;12,012;12,016;i.O.;i.O.;i.O.;
1429;14;29;12,013;12,016;i.O.;i.O.;i.O.;
1430;14;30;12,012;12,02;i.O.;n.i.O.;i.O.;
1431;14;31;12,012;12,018;i.O.;i.O.;i.O.;
1432;14;32;12,013;12,012;i.O.;i.O.;i.O.;
1433;14;33;12,012;12,025;i.O.;n.i.O.;i.O.;
1434;14;34;12,013;12,014;i.O.;i.O.;i.O.;
1435;14;35;12,012;12,012;i.O.;i.O.;i.O.;
1436;14;36;12,011;12,015;i.O.;i.O.;i.O.;
1437;14;37;12,011;12,018;i.O.;i.O.;i.O.;
1438;14;38;12,011;12,014;i.O.;i.O.;i.O.;
1439;14;39;12,013;12,015;i.O.;i.O.;i.O.;
1440;14;40;12,011;12,014;i.O.;i.O.;i.O.;
1441;14;41;12,014;12,017;i.O.;i.O.;i.O.;
1442;14;42;12,012;12,015;i.O.;i.O.;i.O.;
1443;14;43;12,013;12,013;i.O.;i.O.;i.O.;
1444;14;44;12,014;12,021;i.O.;n.i.O.;i.O.;
1445;14;45;12,013;12,015;i.O.;i.O.;i.O.;
1446;14;46;12,013;12,018;i.O.;i.O.;i.O.;
1447;14;47;12,013;12,014;i.O.;i.O.;i.O.;
1448;14;48;12,012;12,016;i.O.;i.O.;i.O.;
1449;14;49;12,013;12,013;i.O.;i.O.;i.O.;
1450;14;50;12,013;12,011;i.O.;i.O.;i.O.;
1451;14;51;12,014;12,019;i.O.;n.i.O.;i.O.;
1452;14;52;12,014;12,018;i.O.;i.O.;i.O.;
1453;14;53;12,011;12,011;i.O.;i.O.;i.O.;
1454;14;54;12,014;12,012;i.O.;i.O.;i.O.;
1455;14;55;12,016;12,019;i.O.;n.i.O.;i.O.;
1456;14;56;12,013;12,015;i.O.;i.O.;i.O.;
1457;14;57;12,012;12,017;i.O.;i.O.;i.O.;
1458;14;58;12,014;12,016;i.O.;i.O.;i.O.;
1459;14;59;12,016;12,02;i.O.;n.i.O.;i.O.;
1460;14;60;12,014;12,018;i.O.;i.O.;i.O.;
1461;14;61;12,013;12,015;i.O.;i.O.;i.O.;
1462;14;62;12,014;12,018;i.O.;i.O.;i.O.;
1463;14;63;12,013;12,014;i.O.;i.O.;i.O.;
1464;14;64;12,014;12,03;i.O.;n.i.O.;i.O.;
1465;14;65;12,012;12,011;i.O.;i.O.;i.O.;
1466;14;66;12,014;12,012;i.O.;i.O.;i.O.;
1467;14;67;12,014;12,016;i.O.;i.O.;i.O.;
1468;14;68;12,012;12,014;i.O.;i.O.;i.O.;
1469;14;69;12,013;12,028;i.O.;n.i.O.;i.O.;
1470;14;70;12,014;12,015;i.O.;i.O.;i.O.;
1471;14;71;12,015;12,017;i.O.;i.O.;i.O.;
1472;14;72;12,014;12,016;i.O.;i.O.;i.O.;
1473;14;73;12,016;12,015;i.O.;i.O.;i.O.;
1474;14;74;12,014;12,017;i.O.;i.O.;i.O.;
1475;14;75;12,014;12,014;i.O.;i.O.;i.O.;
1476;14;76;12,014;12,014;i.O.;i.O.;i.O.;
1477;14;77;12,014;12,013;i.O.;i.O.;i.O.;
1478;14;78;12,015;12,012;i.O.;i.O.;i.O.;
1479;14;79;12,013;12,015;i.O.;i.O.;i.O.;
1480;14;80;12,014;12,014;i.O.;i.O.;i.O.;
1481;14;81;12,016;12,016;i.O.;i.O.;i.O.;
1501;15;1;12,013;12,022;i.O.;n.i.O.;i.O.;"2x Vc; 2x f"
1502;15;2;12,014;12,021;i.O.;n.i.O.;i.O.;
1503;15;3;12,014;12,032;i.O.;n.i.O.;i.O.;
1504;15;4;12,015;12,023;i.O.;n.i.O.;i.O.;
1505;15;5;12,014;12,024;i.O.;n.i.O.;i.O.;
1506;15;6;12,015;12,031;i.O.;n.i.O.;i.O.;
1507;15;7;12,018;12,039;i.O.;n.i.O.;i.O.;
1508;15;8;12,018;12,027;i.O.;n.i.O.;i.O.;
1509;15;9;12,016;12,026;i.O.;n.i.O.;i.O.;
1510;15;10;12,015;12,024;i.O.;n.i.O.;i.O.;
1511;15;11;12,017;12,032;i.O.;n.i.O.;i.O.;
1512;15;12;12,015;12,027;i.O.;n.i.O.;i.O.;
1513;15;13;12,015;12,027;i.O.;n.i.O.;i.O.;
1514;15;14;12,016;12,027;i.O.;n.i.O.;i.O.;
1515;15;15;12,017;12,027;i.O.;n.i.O.;i.O.;
1516;15;16;12,016;12,031;i.O.;n.i.O.;i.O.;
1517;15;17;12,015;12,028;i.O.;n.i.O.;i.O.;
1518;15;18;12,016;12,024;i.O.;n.i.O.;i.O.;
1519;15;19;12,015;12,023;i.O.;n.i.O.;i.O.;
1520;15;20;12,015;12,029;i.O.;n.i.O.;i.O.;
1521;15;21;12,015;12,03;i.O.;n.i.O.;i.O.;
1522;15;22;12,015;12,028;i.O.;n.i.O.;i.O.;
1523;15;23;12,015;12,024;i.O.;n.i.O.;i.O.;
1524;15;24;12,016;12,027;i.O.;n.i.O.;i.O.;
1525;15;25;12,014;12,023;i.O.;n.i.O.;i.O.;
1526;15;26;12,014;12,023;i.O.;n.i.O.;i.O.;
1527;15;27;12,017;12,031;i.O.;n.i.O.;i.O.;
1528;15;28;12,016;12,024;i.O.;n.i.O.;i.O.;
1529;15;29;12,017;12,028;i.O.;n.i.O.;i.O.;
1530;15;30;12,013;12,025;i.O.;n.i.O.;i.O.;
1531;15;31;12,018;12,032;i.O.;n.i.O.;i.O.;
1532;15;32;12,018;12,028;i.O.;n.i.O.;i.O.;
1533;15;33;12,015;12,025;i.O.;n.i.O.;i.O.;
1534;15;34;12,016;12,031;i.O.;n.i.O.;i.O.;
1535;15;35;12,015;12,028;i.O.;n.i.O.;i.O.;
1536;15;36;12,016;12,031;i.O.;n.i.O.;i.O.;
1537;15;37;12,014;12,027;i.O.;n.i.O.;i.O.;
1538;15;38;12,014;12,021;i.O.;n.i.O.;i.O.;
1539;15;39;12,015;12,024;i.O.;n.i.O.;i.O.;
1540;15;40;12,016;12,024;i.O.;n.i.O.;i.O.;
1541;15;41;12,018;12,029;i.O.;n.i.O.;i.O.;
1542;15;42;12,015;12,035;i.O.;n.i.O.;i.O.;
1543;15;43;12,016;12,022;i.O.;n.i.O.;i.O.;
1544;15;44;12,015;12,026;i.O.;n.i.O.;i.O.;
1545;15;45;12,015;12,024;i.O.;n.i.O.;i.O.;
1546;15;46;12,018;12,027;i.O.;n.i.O.;i.O.;
1547;15;47;12,012;12,024;i.O.;n.i.O.;i.O.;
1548;15;48;12,016;12,031;i.O.;n.i.O.;i.O.;
1549;15;49;12,014;12,027;i.O.;n.i.O.;i.O.;
1550;15;50;12,015;12,027;i.O.;n.i.O.;i.O.;
1551;15;51;12,02;12,042;n.i.O.;n.i.O.;i.O.;
1552;15;52;12,021;12,03;n.i.O.;n.i.O.;i.O.;
1553;15;53;12,015;12,027;i.O.;n.i.O.;i.O.;
1554;15;54;12,016;12,025;i.O.;n.i.O.;i.O.;
1555;15;55;12,017;12,026;i.O.;n.i.O.;i.O.;
1556;15;56;12,015;12,024;i.O.;n.i.O.;i.O.;
1557;15;57;12,014;12,022;i.O.;n.i.O.;i.O.;
1558;15;58;12,016;12,024;i.O.;n.i.O.;i.O.;
1559;15;59;12,017;12,028;i.O.;n.i.O.;i.O.;
1560;15;60;12,017;12,026;i.O.;n.i.O.;i.O.;
1561;15;61;12,019;12,038;n.i.O.;n.i.O.;i.O.;
1562;15;62;12,019;12,026;n.i.O.;n.i.O.;i.O.;
1563;15;63;12,017;12,024;i.O.;n.i.O.;i.O.;
1564;15;64;12,017;12,032;i.O.;n.i.O.;i.O.;
1565;15;65;12,018;12,023;i.O.;n.i.O.;i.O.;
1566;15;66;12,018;12,03;i.O.;n.i.O.;i.O.;
1567;15;67;12,017;12,021;i.O.;n.i.O.;i.O.;
1568;15;68;12,018;12,03;i.O.;n.i.O.;i.O.;
1569;15;69;12,018;12,031;i.O.;n.i.O.;i.O.;
1570;15;70;12,017;12,027;i.O.;n.i.O.;i.O.;
1571;15;71;12,017;12,024;i.O.;n.i.O.;i.O.;
1572;15;72;12,017;12,035;i.O.;n.i.O.;i.O.;
1573;15;73;12,018;12,027;i.O.;n.i.O.;i.O.;
1574;15;74;12,017;12,022;i.O.;n.i.O.;i.O.;
1575;15;75;12,018;12,029;i.O.;n.i.O.;i.O.;
1576;15;76;12,015;12,022;i.O.;n.i.O.;i.O.;
1577;15;77;12,016;12,023;i.O.;n.i.O.;i.O.;
1578;15;78;12,019;12,04;n.i.O.;n.i.O.;i.O.;
1579;15;79;12,021;12,037;n.i.O.;n.i.O.;i.O.;
1580;15;80;12,018;12,026;i.O.;n.i.O.;i.O.;
1581;15;81;12,017;12,03;i.O.;n.i.O.;i.O.;
1601;16;1;12,014;12,035;i.O.;n.i.O.;i.O.;"2x Vc; 1x f"
1602;16;2;12,019;12,027;n.i.O.;n.i.O.;i.O.;
1603;16;3;12,016;12,025;i.O.;n.i.O.;i.O.;
1604;16;4;12,015;12,026;i.O.;n.i.O.;i.O.;
1605;16;5;12,016;12,028;i.O.;n.i.O.;i.O.;
1606;16;6;12,015;12,022;i.O.;n.i.O.;i.O.;
1607;16;7;12,015;12,026;i.O.;n.i.O.;i.O.;
1608;16;8;12,016;12,022;i.O.;n.i.O.;i.O.;
1609;16;9;12,017;12,025;i.O.;n.i.O.;i.O.;
1610;16;10;12,016;12,027;i.O.;n.i.O.;i.O.;
1611;16;11;12,02;12,03;n.i.O.;n.i.O.;i.O.;
1612;16;12;12,017;12,026;i.O.;n.i.O.;i.O.;
1613;16;13;12,014;12,024;i.O.;n.i.O.;i.O.;
1614;16;14;12,02;12,04;n.i.O.;n.i.O.;i.O.;
1615;16;15;12,016;12,027;i.O.;n.i.O.;i.O.;
1616;16;16;12,015;12,041;i.O.;n.i.O.;i.O.;
1617;16;17;12,013;12,039;i.O.;n.i.O.;i.O.;
1618;16;18;12,016;12,027;i.O.;n.i.O.;i.O.;
1619;16;19;12,016;12,049;i.O.;n.i.O.;i.O.;
1620;16;20;12,015;12,023;i.O.;n.i.O.;i.O.;
1621;16;21;12,012;12,026;i.O.;n.i.O.;i.O.;
1622;16;22;12,018;12,03;i.O.;n.i.O.;i.O.;
1623;16;23;12,016;12,027;i.O.;n.i.O.;i.O.;
1624;16;24;12,016;12,025;i.O.;n.i.O.;i.O.;
1625;16;25;12,017;12,04;i.O.;n.i.O.;i.O.;
1626;16;26;12,015;12,024;i.O.;n.i.O.;i.O.;
1627;16;27;12,016;12,03;i.O.;n.i.O.;i.O.;
1628;16;28;12,015;12,033;i.O.;n.i.O.;i.O.;
1629;16;29;12,014;12,027;i.O.;n.i.O.;i.O.;
1630;16;30;12,017;12,038;i.O.;n.i.O.;i.O.;
1631;16;31;12,016;12,029;i.O.;n.i.O.;i.O.;
1632;16;32;12,015;12,023;i.O.;n.i.O.;i.O.;
1633;16;33;12,016;12,026;i.O.;n.i.O.;i.O.;
1634;16;34;12,014;12,03;i.O.;n.i.O.;i.O.;
1635;16;35;12,014;12,024;i.O.;n.i.O.;i.O.;
1636;16;36;12,014;12,025;i.O.;n.i.O.;i.O.;
1637;16;37;12,016;12,026;i.O.;n.i.O.;i.O.;
1638;16;38;12,018;12,029;i.O.;n.i.O.;i.O.;
1639;16;39;12,017;12,023;i.O.;n.i.O.;i.O.;
1640;16;40;12,013;12,022;i.O.;n.i.O.;i.O.;
1641;16;41;12,014;12,031;i.O.;n.i.O.;i.O.;
1642;16;42;12,012;12,021;i.O.;n.i.O.;i.O.;
1643;16;43;12,013;12,026;i.O.;n.i.O.;i.O.;
1644;16;44;12,014;12,027;i.O.;n.i.O.;i.O.;
1645;16;45;12,015;12,026;i.O.;n.i.O.;i.O.;
1646;16;46;12,016;12,023;i.O.;n.i.O.;i.O.;
1647;16;47;12,018;12,025;i.O.;n.i.O.;i.O.;
1648;16;48;12,014;12,026;i.O.;n.i.O.;i.O.;
1649;16;49;12,018;12,035;i.O.;n.i.O.;i.O.;
1650;16;50;12,016;12,029;i.O.;n.i.O.;i.O.;
1651;16;51;12,016;12,03;i.O.;n.i.O.;i.O.;
1652;16;52;12,014;12,024;i.O.;n.i.O.;i.O.;
1653;16;53;12,014;12,041;i.O.;n.i.O.;i.O.;
1654;16;54;12,018;12,033;i.O.;n.i.O.;i.O.;
1655;16;55;12,016;12,06;i.O.;n.i.O.;i.O.;
1656;16;56;12,015;12,027;i.O.;n.i.O.;i.O.;
1657;16;57;12,013;12,025;i.O.;n.i.O.;i.O.;
1658;16;58;12,014;12,027;i.O.;n.i.O.;i.O.;
1659;16;59;12,015;12,032;i.O.;n.i.O.;i.O.;
1660;16;60;12,014;12,03;i.O.;n.i.O.;i.O.;
1661;16;61;12,014;12,028;i.O.;n.i.O.;i.O.;
1662;16;62;12,013;12,022;i.O.;n.i.O.;i.O.;
1663;16;63;12,015;12,024;i.O.;n.i.O.;i.O.;
1664;16;64;12,013;12,033;i.O.;n.i.O.;i.O.;
1665;16;65;12,013;12,028;i.O.;n.i.O.;i.O.;
1666;16;66;12,014;12,026;i.O.;n.i.O.;i.O.;
1667;16;67;12,015;12,033;i.O.;n.i.O.;i.O.;
1668;16;68;12,014;12,023;i.O.;n.i.O.;i.O.;
1669;16;69;12,015;12,023;i.O.;n.i.O.;i.O.;
1670;16;70;12,013;12,023;i.O.;n.i.O.;i.O.;
1671;16;71;12,014;12,028;i.O.;n.i.O.;i.O.;
1672;16;72;12,018;12,028;i.O.;n.i.O.;i.O.;
1673;16;73;12,015;12,026;i.O.;n.i.O.;i.O.;
1674;16;74;12,013;12,023;i.O.;n.i.O.;i.O.;
1675;16;75;12,014;12,029;i.O.;n.i.O.;i.O.;
1676;16;76;12,016;12,03;i.O.;n.i.O.;i.O.;
1677;16;77;12,014;12,019;i.O.;n.i.O.;i.O.;
1678;16;78;12,014;12,024;i.O.;n.i.O.;i.O.;
1679;16;79;12,016;12,028;i.O.;n.i.O.;i.O.;
1680;16;80;12,015;12,024;i.O.;n.i.O.;i.O.;
1681;16;81;12,02;12,036;n.i.O.;n.i.O.;i.O.;
1701;17;1;12,013;12,026;i.O.;n.i.O.;i.O.;"1x Vc; 2x f"
1702;17;2;12,009;12,024;i.O.;n.i.O.;i.O.;
1703;17;3;12,013;12,022;i.O.;n.i.O.;i.O.;
1704;17;4;12,013;12,024;i.O.;n.i.O.;i.O.;
1705;17;5;12,009;12,021;i.O.;n.i.O.;i.O.;
1706;17;6;12,011;12,022;i.O.;n.i.O.;i.O.;
1707;17;7;12,011;12,025;i.O.;n.i.O.;i.O.;
1708;17;8;12,011;12,024;i.O.;n.i.O.;i.O.;
1709;17;9;12,012;12,026;i.O.;n.i.O.;i.O.;
1710;17;10;12,012;12,022;i.O.;n.i.O.;i.O.;
1711;17;11;12,011;12,021;i.O.;n.i.O.;i.O.;
1712;17;12;12,01;12,021;i.O.;n.i.O.;i.O.;
1713;17;13;12,011;12,02;i.O.;n.i.O.;i.O.;
1714;17;14;12,011;12,02;i.O.;n.i.O.;i.O.;
1715;17;15;12,009;12,018;i.O.;i.O.;i.O.;
1716;17;16;12,011;12,024;i.O.;n.i.O.;i.O.;
1717;17;17;12,011;12,02;i.O.;n.i.O.;i.O.;
1718;17;18;12,009;12,025;i.O.;n.i.O.;i.O.;
1719;17;19;12,011;12,024;i.O.;n.i.O.;i.O.;
1720;17;20;12,009;12,019;i.O.;n.i.O.;i.O.;
1721;17;21;12,01;12,022;i.O.;n.i.O.;i.O.;
1722;17;22;12,01;12,022;i.O.;n.i.O.;i.O.;
1723;17;23;12,011;12,026;i.O.;n.i.O.;i.O.;
1724;17;24;12,01;12,024;i.O.;n.i.O.;i.O.;
1725;17;25;12,01;12,023;i.O.;n.i.O.;i.O.;
1726;17;26;12,01;12,022;i.O.;n.i.O.;i.O.;
1727;17;27;12,009;12,023;i.O.;n.i.O.;i.O.;
1728;17;28;12,009;12,024;i.O.;n.i.O.;i.O.;
1729;17;29;12,01;12,024;i.O.;n.i.O.;i.O.;
1730;17;30;12,011;12,024;i.O.;n.i.O.;i.O.;
1731;17;31;12,011;12,023;i.O.;n.i.O.;i.O.;
1732;17;32;12,011;12,023;i.O.;n.i.O.;i.O.;
1733;17;33;12,009;12,025;i.O.;n.i.O.;i.O.;
1734;17;34;12,009;12,024;i.O.;n.i.O.;i.O.;
1735;17;35;12,013;12,024;i.O.;n.i.O.;i.O.;
1736;17;36;12,01;12,025;i.O.;n.i.O.;i.O.;
1737;17;37;12,01;12,019;i.O.;n.i.O.;i.O.;
1738;17;38;12,011;12,023;i.O.;n.i.O.;i.O.;
1739;17;39;12,009;12,024;i.O.;n.i.O.;i.O.;
1740;17;40;12,011;12,025;i.O.;n.i.O.;i.O.;
1741;17;41;12,008;12,021;i.O.;n.i.O.;i.O.;
1742;17;42;12,013;12,024;i.O.;n.i.O.;i.O.;
1743;17;43;12,01;12,023;i.O.;n.i.O.;i.O.;
1744;17;44;12,01;12,023;i.O.;n.i.O.;i.O.;
1745;17;45;12,011;12,024;i.O.;n.i.O.;i.O.;
1746;17;46;12,009;12,023;i.O.;n.i.O.;i.O.;
1747;17;47;12,013;12,022;i.O.;n.i.O.;i.O.;
1748;17;48;12,012;12,024;i.O.;n.i.O.;i.O.;
1749;17;49;12,011;12,022;i.O.;n.i.O.;i.O.;
1750;17;50;12,011;12,02;i.O.;n.i.O.;i.O.;
1751;17;51;12,011;12,026;i.O.;n.i.O.;i.O.;
1752;17;52;12,011;12,03;i.O.;n.i.O.;i.O.;
1753;17;53;12,009;12,022;i.O.;n.i.O.;i.O.;
1754;17;54;12,007;12,023;i.O.;n.i.O.;i.O.;
1755;17;55;12,01;12,023;i.O.;n.i.O.;i.O.;
1756;17;56;12,012;12,025;i.O.;n.i.O.;i.O.;
1757;17;57;12,011;12,021;i.O.;n.i.O.;i.O.;
1758;17;58;12,01;12,017;i.O.;i.O.;i.O.;
1759;17;59;12,01;12,023;i.O.;n.i.O.;i.O.;
1760;17;60;12,01;12,024;i.O.;n.i.O.;i.O.;
1761;17;61;12,012;12,027;i.O.;n.i.O.;i.O.;
1762;17;62;12,011;12,026;i.O.;n.i.O.;i.O.;
1763;17;63;12,014;12,021;i.O.;n.i.O.;i.O.;
1764;17;64;12,011;12,024;i.O.;n.i.O.;i.O.;
1765;17;65;12,011;12,022;i.O.;n.i.O.;i.O.;
1766;17;66;12,009;12,021;i.O.;n.i.O.;i.O.;
1767;17;67;12,011;12,025;i.O.;n.i.O.;i.O.;
1768;17;68;12,01;12,021;i.O.;n.i.O.;i.O.;
1769;17;69;12,012;12,028;i.O.;n.i.O.;i.O.;
1770;17;70;12,01;12,023;i.O.;n.i.O.;i.O.;
1771;17;71;12,012;12,023;i.O.;n.i.O.;i.O.;
1772;17;72;12,014;12,023;i.O.;n.i.O.;i.O.;
1773;17;73;12,012;12,024;i.O.;n.i.O.;i.O.;
1774;17;74;12,013;12,02;i.O.;n.i.O.;i.O.;
1775;17;75;12,01;12,023;i.O.;n.i.O.;i.O.;
1776;17;76;12,013;12,027;i.O.;n.i.O.;i.O.;
1777;17;77;12,012;12,023;i.O.;n.i.O.;i.O.;
1778;17;78;12,012;12,024;i.O.;n.i.O.;i.O.;
1779;17;79;12,012;12,027;i.O.;n.i.O.;i.O.;
1780;17;80;12,01;12,02;i.O.;n.i.O.;i.O.;
1781;17;81;12,009;12,018;i.O.;i.O.;i.O.;
1801;18;1;12,013;12,026;i.O.;n.i.O.;i.O.;"3x Vc; 3x f"
1802;18;2;12,018;12,032;i.O.;n.i.O.;i.O.;
1803;18;3;12,016;12,029;i.O.;n.i.O.;i.O.;
1804;18;4;12,019;12,038;n.i.O.;n.i.O.;i.O.;
1805;18;5;12,022;12,04;n.i.O.;n.i.O.;i.O.;
1806;18;6;12,019;12,031;n.i.O.;n.i.O.;i.O.;
1807;18;7;12,019;12,028;n.i.O.;n.i.O.;i.O.;
1808;18;8;12,02;12,031;n.i.O.;n.i.O.;i.O.;
1809;18;9;12,025;12,043;n.i.O.;n.i.O.;i.O.;
1810;18;10;12,019;12,032;n.i.O.;n.i.O.;i.O.;
1811;18;11;12,019;12,031;n.i.O.;n.i.O.;i.O.;
1812;18;12;12,019;12,035;n.i.O.;n.i.O.;i.O.;
1813;18;13;12,021;12,033;n.i.O.;n.i.O.;i.O.;
1814;18;14;12,025;12,037;n.i.O.;n.i.O.;i.O.;
1815;18;15;12,019;12,033;n.i.O.;n.i.O.;i.O.;
1816;18;16;12,017;12,03;i.O.;n.i.O.;i.O.;
1817;18;17;12,019;12,042;n.i.O.;n.i.O.;i.O.;
1818;18;18;12,02;12,034;n.i.O.;n.i.O.;i.O.;
1819;18;19;12,025;12,041;n.i.O.;n.i.O.;i.O.;
1820;18;20;12,027;12,046;n.i.O.;n.i.O.;n.i.O.;
1821;18;21;12,024;12,034;n.i.O.;n.i.O.;i.O.;
1822;18;22;12,019;12,033;n.i.O.;n.i.O.;i.O.;
1823;18;23;12,022;12,036;n.i.O.;n.i.O.;i.O.;
1824;18;24;12,025;12,042;n.i.O.;n.i.O.;i.O.;
1825;18;25;12,018;12,029;i.O.;n.i.O.;i.O.;
1826;18;26;12,016;12,036;i.O.;n.i.O.;i.O.;
1827;18;27;12,019;12,034;n.i.O.;n.i.O.;i.O.;
1828;18;28;12,019;12,038;n.i.O.;n.i.O.;i.O.;
1829;18;29;12,019;12,029;n.i.O.;n.i.O.;i.O.;
1830;18;30;12,018;12,035;i.O.;n.i.O.;i.O.;
1831;18;31;12,02;12,037;n.i.O.;n.i.O.;i.O.;
1832;18;32;12,019;12,037;n.i.O.;n.i.O.;i.O.;
1833;18;33;12,02;12,032;n.i.O.;n.i.O.;i.O.;
1834;18;34;12,024;12,039;n.i.O.;n.i.O.;i.O.;
1835;18;35;12,018;12,029;i.O.;n.i.O.;i.O.;
1836;18;36;12,021;12,038;n.i.O.;n.i.O.;i.O.;
1837;18;37;12,021;12,034;n.i.O.;n.i.O.;i.O.;
1838;18;38;12,023;12,037;n.i.O.;n.i.O.;i.O.;
1839;18;39;12,028;12,04;n.i.O.;n.i.O.;n.i.O.;
1840;18;40;12,023;12,033;n.i.O.;n.i.O.;i.O.;
1841;18;41;12,022;12,039;n.i.O.;n.i.O.;i.O.;
1842;18;42;12,022;12,042;n.i.O.;n.i.O.;i.O.;
1843;18;43;12,019;12,035;n.i.O.;n.i.O.;i.O.;
1844;18;44;12,021;12,028;n.i.O.;n.i.O.;i.O.;
1845;18;45;12,022;12,031;n.i.O.;n.i.O.;i.O.;
1846;18;46;12,026;12,044;n.i.O.;n.i.O.;n.i.O.;
1847;18;47;12,021;12,031;n.i.O.;n.i.O.;i.O.;
1848;18;48;12,027;12,042;n.i.O.;n.i.O.;n.i.O.;
1849;18;49;12,019;12,028;n.i.O.;n.i.O.;i.O.;
1850;18;50;12,022;12,037;n.i.O.;n.i.O.;i.O.;
1851;18;51;12,018;12,028;i.O.;n.i.O.;i.O.;
1852;18;52;12,019;12,031;n.i.O.;n.i.O.;i.O.;
1853;18;53;12,024;12,036;n.i.O.;n.i.O.;n.i.O.;
1854;18;54;12,022;12,035;n.i.O.;n.i.O.;i.O.;
1855;18;55;12,024;12,035;n.i.O.;n.i.O.;n.i.O.;
1856;18;56;12,021;12,034;n.i.O.;n.i.O.;i.O.;
1857;18;57;12,019;12,03;n.i.O.;n.i.O.;i.O.;
1858;18;58;12,022;12,033;n.i.O.;n.i.O.;i.O.;
1859;18;59;12,023;12,037;n.i.O.;n.i.O.;i.O.;
1860;18;60;12,021;12,042;n.i.O.;n.i.O.;i.O.;
1861;18;61;12,019;12,028;n.i.O.;n.i.O.;i.O.;
1862;18;62;12,024;12,039;n.i.O.;n.i.O.;n.i.O.;
1863;18;63;12,018;12,038;i.O.;n.i.O.;i.O.;
1864;18;64;12,02;12,028;n.i.O.;n.i.O.;i.O.;
1865;18;65;12,02;12,032;n.i.O.;n.i.O.;i.O.;
1866;18;66;12,027;12,038;n.i.O.;n.i.O.;n.i.O.;
1867;18;67;12,023;12,042;n.i.O.;n.i.O.;i.O.;
1868;18;68;12,021;12,034;n.i.O.;n.i.O.;i.O.;
1869;18;69;12,018;12,03;i.O.;n.i.O.;i.O.;
1870;18;70;12,02;12,032;n.i.O.;n.i.O.;i.O.;
1871;18;71;12,019;12,027;n.i.O.;n.i.O.;i.O.;
1872;18;72;12,022;12,044;n.i.O.;n.i.O.;i.O.;
1873;18;73;12,03;12,042;n.i.O.;n.i.O.;n.i.O.;
1874;18;74;12,019;12,016;n.i.O.;i.O.;i.O.;
1875;18;75;12,021;12,04;n.i.O.;n.i.O.;i.O.;
1876;18;76;12,022;12,035;n.i.O.;n.i.O.;i.O.;
1877;18;77;12,023;12,033;n.i.O.;n.i.O.;i.O.;
1878;18;78;12,025;12,036;n.i.O.;n.i.O.;n.i.O.;
1879;18;79;12,02;12,033;n.i.O.;n.i.O.;i.O.;
1880;18;80;12,02;12,039;n.i.O.;n.i.O.;i.O.;
1881;18;81;12,023;12,033;n.i.O.;n.i.O.;i.O.;
1901;19;1;12,013;12,018;i.O.;i.O.;i.O.;1x Vc, 1x f
1902;19;2;12,012;12,022;i.O.;n.i.O.;i.O.;
1903;19;3;12,013;12,018;i.O.;i.O.;i.O.;
1904;19;4;12,012;12,024;i.O.;n.i.O.;i.O.;
1905;19;5;12,011;12,019;i.O.;n.i.O.;i.O.;
1906;19;6;12,011;12,02;i.O.;n.i.O.;i.O.;
1907;19;7;12,011;12,023;i.O.;n.i.O.;i.O.;
1908;19;8;12,011;12,018;i.O.;i.O.;i.O.;
1909;19;9;12,01;12,015;i.O.;i.O.;i.O.;
1910;19;10;12,01;12,019;i.O.;n.i.O.;i.O.;
1911;19;11;12,011;12,023;i.O.;n.i.O.;i.O.;
1912;19;12;12,011;12,02;i.O.;n.i.O.;i.O.;
1913;19;13;12,01;12,022;i.O.;n.i.O.;i.O.;
1914;19;14;12,01;12,019;i.O.;n.i.O.;i.O.;
1915;19;15;12,011;12,021;i.O.;n.i.O.;i.O.;
1916;19;16;12,01;12,02;i.O.;n.i.O.;i.O.;
1917;19;17;12,01;12,016;i.O.;i.O.;i.O.;
1918;19;18;12,009;12,026;i.O.;n.i.O.;i.O.;
1919;19;19;12,01;12,02;i.O.;n.i.O.;i.O.;
1920;19;20;12,009;12,017;i.O.;i.O.;i.O.;
1921;19;21;12,011;12,022;i.O.;n.i.O.;i.O.;
1922;19;22;12,01;12,02;i.O.;n.i.O.;i.O.;
1923;19;23;12,01;12,018;i.O.;i.O.;i.O.;
1924;19;24;12,009;12,018;i.O.;i.O.;i.O.;
1925;19;25;12,01;12,024;i.O.;n.i.O.;i.O.;
1926;19;26;12,007;12,016;i.O.;i.O.;i.O.;
1927;19;27;12,011;12,02;i.O.;n.i.O.;i.O.;
1928;19;28;12,01;12,027;i.O.;n.i.O.;i.O.;
1929;19;29;12,011;12,021;i.O.;n.i.O.;i.O.;
1930;19;30;12,01;12,022;i.O.;n.i.O.;i.O.;
1931;19;31;12,011;12,019;i.O.;n.i.O.;i.O.;
1932;19;32;12,009;12,018;i.O.;i.O.;i.O.;
1933;19;33;12,01;12,019;i.O.;n.i.O.;i.O.;
1934;19;34;12,008;12,02;i.O.;n.i.O.;i.O.;
1935;19;35;12,008;12,024;i.O.;n.i.O.;i.O.;
1936;19;36;12,009;12,019;i.O.;n.i.O.;i.O.;
1937;19;37;12,01;12,021;i.O.;n.i.O.;i.O.;
1938;19;38;12,011;12,019;i.O.;n.i.O.;i.O.;
1939;19;39;12,011;12,024;i.O.;n.i.O.;i.O.;
1940;19;40;12,008;12,015;i.O.;i.O.;i.O.;
1941;19;41;12,01;12,018;i.O.;i.O.;i.O.;
1942;19;42;12,008;12,017;i.O.;i.O.;i.O.;
1943;19;43;12,009;12,023;i.O.;n.i.O.;i.O.;
1944;19;44;12,012;12,021;i.O.;n.i.O.;i.O.;
1945;19;45;12,009;12,02;i.O.;n.i.O.;i.O.;
1946;19;46;12,011;12,017;i.O.;i.O.;i.O.;
1947;19;47;12,01;12,023;i.O.;n.i.O.;i.O.;
1948;19;48;12,011;12,018;i.O.;i.O.;i.O.;
1949;19;49;12,01;12,015;i.O.;i.O.;i.O.;
1950;19;50;12,01;12,019;i.O.;n.i.O.;i.O.;
1951;19;51;12,012;12,025;i.O.;n.i.O.;i.O.;
1952;19;52;12,009;12,015;i.O.;i.O.;i.O.;
1953;19;53;12,011;12,016;i.O.;i.O.;i.O.;
1954;19;54;12,007;12,016;i.O.;i.O.;i.O.;
1955;19;55;12,009;12,018;i.O.;i.O.;i.O.;
1956;19;56;12,01;12,02;i.O.;n.i.O.;i.O.;
1957;19;57;12,009;12,02;i.O.;n.i.O.;i.O.;
1958;19;58;12,012;12,02;i.O.;n.i.O.;i.O.;
1959;19;59;12,01;12,016;i.O.;i.O.;i.O.;
1960;19;60;12,01;12,015;i.O.;i.O.;i.O.;
1961;19;61;12,012;12,019;i.O.;n.i.O.;i.O.;
1962;19;62;12,01;12,02;i.O.;n.i.O.;i.O.;
1963;19;63;12,012;12,019;i.O.;n.i.O.;i.O.;
1964;19;64;12,013;12,026;i.O.;n.i.O.;i.O.;
1965;19;65;12,012;12,021;i.O.;n.i.O.;i.O.;
1966;19;66;12,01;12,021;i.O.;n.i.O.;i.O.;
1967;19;67;12,01;12,018;i.O.;i.O.;i.O.;
1968;19;68;12,009;12,02;i.O.;n.i.O.;i.O.;
1969;19;69;12,011;12,019;i.O.;n.i.O.;i.O.;
1970;19;70;12,01;12,019;i.O.;n.i.O.;i.O.;
1971;19;71;12,01;12,013;i.O.;i.O.;i.O.;
1972;19;72;12,012;12,021;i.O.;n.i.O.;i.O.;
1973;19;73;12,011;12,017;i.O.;i.O.;i.O.;
1974;19;74;12,014;12,02;i.O.;n.i.O.;i.O.;
1975;19;75;12,01;12,015;i.O.;i.O.;i.O.;
1976;19;76;12,013;12,018;i.O.;i.O.;i.O.;
1977;19;77;12,011;12,018;i.O.;i.O.;i.O.;
1978;19;78;12,012;12,017;i.O.;i.O.;i.O.;
1979;19;79;12,008;12,02;i.O.;n.i.O.;i.O.;
1980;19;80;12,009;12,018;i.O.;i.O.;i.O.;
1981;19;81;12,013;12,023;i.O.;n.i.O.;i.O.;
2001;20;1;12,015;12,026;i.O.;n.i.O.;i.O.;"3x Vc; 3x f"
2002;20;2;12,016;12,027;i.O.;n.i.O.;i.O.;
2003;20;3;12,016;12,038;i.O.;n.i.O.;i.O.;
2004;20;4;12,016;12,029;i.O.;n.i.O.;i.O.;
2005;20;5;12,016;12,022;i.O.;n.i.O.;i.O.;
2006;20;6;12,02;12,029;n.i.O.;n.i.O.;i.O.;
2007;20;7;12,017;12,03;i.O.;n.i.O.;i.O.;
2008;20;8;12,017;12,023;i.O.;n.i.O.;i.O.;
2009;20;9;12,014;12,022;i.O.;n.i.O.;i.O.;
2010;20;10;12,015;12,036;i.O.;n.i.O.;i.O.;
2011;20;11;12,02;12,04;n.i.O.;n.i.O.;i.O.;
2012;20;12;12,023;12,039;n.i.O.;n.i.O.;i.O.;
2013;20;13;12,021;12,033;n.i.O.;n.i.O.;i.O.;
2014;20;14;12,024;12,037;n.i.O.;n.i.O.;i.O.;
2015;20;15;12,017;12,036;i.O.;n.i.O.;i.O.;
2016;20;16;12,018;12,03;i.O.;n.i.O.;i.O.;
2017;20;17;12,017;12,031;i.O.;n.i.O.;i.O.;
2018;20;18;12,018;12,035;i.O.;n.i.O.;i.O.;
2019;20;19;12,018;12,027;i.O.;n.i.O.;i.O.;
2020;20;20;12,022;12,04;n.i.O.;n.i.O.;i.O.;
2021;20;21;12,018;12,026;i.O.;n.i.O.;i.O.;
2022;20;22;12,015;12,025;i.O.;n.i.O.;i.O.;
2023;20;23;12,02;12,033;n.i.O.;n.i.O.;i.O.;
2024;20;24;12,017;12,037;i.O.;n.i.O.;i.O.;
2025;20;25;12,021;12,035;n.i.O.;n.i.O.;i.O.;
2026;20;26;12,016;12,034;i.O.;n.i.O.;i.O.;
2027;20;27;12,02;12,026;n.i.O.;n.i.O.;i.O.;
2028;20;28;12,016;12,025;i.O.;n.i.O.;i.O.;
2029;20;29;12,015;12,026;i.O.;n.i.O.;i.O.;
2030;20;30;12,019;12,036;n.i.O.;n.i.O.;i.O.;
2031;20;31;12,018;12,027;i.O.;n.i.O.;i.O.;
2032;20;32;12,017;12,029;i.O.;n.i.O.;i.O.;
2033;20;33;12,018;12,032;i.O.;n.i.O.;i.O.;
2034;20;34;12,019;12,034;n.i.O.;n.i.O.;i.O.;
2035;20;35;12,016;12,024;i.O.;n.i.O.;i.O.;
2036;20;36;12,016;12,034;i.O.;n.i.O.;i.O.;
2037;20;37;12,023;12,032;n.i.O.;n.i.O.;i.O.;
2038;20;38;12,017;12,021;i.O.;n.i.O.;i.O.;
2039;20;39;12,017;12,027;i.O.;n.i.O.;i.O.;
2040;20;40;12,016;12,024;i.O.;n.i.O.;i.O.;
2041;20;41;12,017;12,031;i.O.;n.i.O.;i.O.;
2042;20;42;12,023;12,042;n.i.O.;n.i.O.;i.O.;
2043;20;43;12,018;12,029;i.O.;n.i.O.;i.O.;
2044;20;44;12,019;12,026;n.i.O.;n.i.O.;i.O.;
2045;20;45;12,021;12,03;n.i.O.;n.i.O.;i.O.;
2046;20;46;12,016;12,025;i.O.;n.i.O.;i.O.;
2047;20;47;12,019;12,03;n.i.O.;n.i.O.;i.O.;
2048;20;48;12,02;12,029;n.i.O.;n.i.O.;i.O.;
2049;20;49;12,02;12,034;n.i.O.;n.i.O.;i.O.;
2050;20;50;12,02;12,032;n.i.O.;n.i.O.;i.O.;
2051;20;51;12,016;12,024;i.O.;n.i.O.;i.O.;
2052;20;52;12,019;12,029;n.i.O.;n.i.O.;i.O.;
2053;20;53;12,017;12,026;i.O.;n.i.O.;i.O.;
2054;20;54;12,019;12,031;n.i.O.;n.i.O.;i.O.;
2055;20;55;12,021;12,037;n.i.O.;n.i.O.;i.O.;
2056;20;56;12,017;12,029;i.O.;n.i.O.;i.O.;
2057;20;57;12,021;12,047;n.i.O.;n.i.O.;i.O.;
2058;20;58;12,017;12,034;i.O.;n.i.O.;i.O.;
2059;20;59;12,016;12,031;i.O.;n.i.O.;i.O.;
2060;20;60;12,023;12,037;n.i.O.;n.i.O.;i.O.;
2061;20;61;12,027;12,032;n.i.O.;n.i.O.;i.O.;
2062;20;62;12,025;12,032;n.i.O.;n.i.O.;n.i.O.;
2063;20;63;12,017;12,023;i.O.;n.i.O.;i.O.;
2064;20;64;12,019;12,038;n.i.O.;n.i.O.;i.O.;
2065;20;65;12,019;12,025;n.i.O.;n.i.O.;i.O.;
2066;20;66;12,017;12,035;i.O.;n.i.O.;i.O.;
2067;20;67;12,02;12,026;n.i.O.;n.i.O.;i.O.;
2068;20;68;12,022;12,034;n.i.O.;n.i.O.;i.O.;
2069;20;69;12,018;12,025;i.O.;n.i.O.;i.O.;
2070;20;70;12,014;12,021;i.O.;n.i.O.;i.O.;
2071;20;71;12,022;12,043;n.i.O.;n.i.O.;i.O.;
2072;20;72;12,022;12,038;n.i.O.;n.i.O.;i.O.;
2073;20;73;12,016;12,023;i.O.;n.i.O.;i.O.;
2074;20;74;12,022;12,04;n.i.O.;n.i.O.;i.O.;
2075;20;75;12,017;12,034;i.O.;n.i.O.;i.O.;
2076;20;76;12,018;12,033;i.O.;n.i.O.;i.O.;
2077;20;77;12,017;12,024;i.O.;n.i.O.;i.O.;
2078;20;78;12,019;12,028;n.i.O.;n.i.O.;i.O.;
2079;20;79;12,014;12,02;i.O.;n.i.O.;i.O.;
2080;20;80;12,019;12,031;n.i.O.;n.i.O.;i.O.;
2081;20;81;12,018;12,03;i.O.;n.i.O.;i.O.;
2101;21;1;12,017;12,037;i.O.;n.i.O.;i.O.;"3x Vc; 3x f"
2102;21;2;12,031;12,046;n.i.O.;n.i.O.;i.O.;
2103;21;3;12,016;12,028;i.O.;n.i.O.;i.O.;
2104;21;4;12,019;12,04;n.i.O.;n.i.O.;i.O.;
2105;21;5;12,026;12,033;n.i.O.;n.i.O.;i.O.;
2106;21;6;12,019;12,039;n.i.O.;n.i.O.;i.O.;
2107;21;7;12,02;12,024;n.i.O.;n.i.O.;i.O.;
2108;21;8;12,021;12,038;n.i.O.;n.i.O.;i.O.;
2109;21;9;12,022;12,032;n.i.O.;n.i.O.;i.O.;
2110;21;10;12,021;12,027;n.i.O.;n.i.O.;i.O.;
2111;21;11;12,029;12,038;n.i.O.;n.i.O.;n.i.O.;
2112;21;12;12,021;12,035;n.i.O.;n.i.O.;i.O.;
2113;21;13;12,023;12,039;n.i.O.;n.i.O.;i.O.;
2114;21;14;12,018;12,031;i.O.;n.i.O.;i.O.;
2115;21;15;12,016;12,025;i.O.;n.i.O.;i.O.;
2116;21;16;12,021;12,031;n.i.O.;n.i.O.;i.O.;
2117;21;17;12,015;12,034;i.O.;n.i.O.;i.O.;
2118;21;18;12,021;12,027;n.i.O.;n.i.O.;i.O.;
2119;21;19;12,018;12,029;i.O.;n.i.O.;i.O.;
2120;21;20;12,021;12,032;n.i.O.;n.i.O.;i.O.;
2121;21;21;12,017;12,028;i.O.;n.i.O.;i.O.;
2122;21;22;12,018;12,029;i.O.;n.i.O.;i.O.;
2123;21;23;12,018;12,036;i.O.;n.i.O.;i.O.;
2124;21;24;12,021;12,034;n.i.O.;n.i.O.;i.O.;
2125;21;25;12,02;12,032;n.i.O.;n.i.O.;i.O.;
2126;21;26;12,016;12,028;i.O.;n.i.O.;i.O.;
2127;21;27;12,018;12,035;i.O.;n.i.O.;i.O.;
2128;21;28;12,022;12,032;n.i.O.;n.i.O.;n.i.O.;
2129;21;29;12,023;12,03;n.i.O.;n.i.O.;i.O.;
2130;21;30;12,021;12,033;n.i.O.;n.i.O.;i.O.;
2131;21;31;12,021;12,036;n.i.O.;n.i.O.;i.O.;
2132;21;32;12,02;12,029;n.i.O.;n.i.O.;i.O.;
2133;21;33;12,021;12,032;n.i.O.;n.i.O.;i.O.;
2134;21;34;12,022;12,029;n.i.O.;n.i.O.;i.O.;
2135;21;35;12,029;12,036;n.i.O.;n.i.O.;i.O.;
2136;21;36;12,024;12,036;n.i.O.;n.i.O.;i.O.;
2137;21;37;12,017;12,028;i.O.;n.i.O.;i.O.;
2138;21;38;12,017;12,028;i.O.;n.i.O.;i.O.;
2139;21;39;12,021;12,031;n.i.O.;n.i.O.;i.O.;
2140;21;40;12,016;12,025;i.O.;n.i.O.;i.O.;
2141;21;41;12,02;12,031;n.i.O.;n.i.O.;i.O.;
2142;21;42;12,019;12,034;n.i.O.;n.i.O.;i.O.;
2143;21;43;12,019;12,025;n.i.O.;n.i.O.;i.O.;
2144;21;44;12,017;12,029;i.O.;n.i.O.;i.O.;
2145;21;45;12,016;12,028;i.O.;n.i.O.;i.O.;
2146;21;46;12,022;12,037;n.i.O.;n.i.O.;i.O.;
2147;21;47;12,018;12,027;i.O.;n.i.O.;i.O.;
2148;21;48;12,018;12,026;i.O.;n.i.O.;i.O.;
2149;21;49;12,018;12,028;i.O.;n.i.O.;i.O.;
2150;21;50;12,02;12,033;n.i.O.;n.i.O.;i.O.;
2151;21;51;12,021;12,031;n.i.O.;n.i.O.;i.O.;
2152;21;52;12,021;12,034;n.i.O.;n.i.O.;i.O.;
2153;21;53;12,017;12,029;i.O.;n.i.O.;i.O.;
2154;21;54;12,026;12,046;n.i.O.;n.i.O.;n.i.O.;
2155;21;55;12,021;12,035;n.i.O.;n.i.O.;i.O.;
2156;21;56;12,025;12,031;n.i.O.;n.i.O.;n.i.O.;
2157;21;57;12,016;12,024;i.O.;n.i.O.;i.O.;
2158;21;58;12,022;12,037;n.i.O.;n.i.O.;i.O.;
2159;21;59;12,018;12,025;i.O.;n.i.O.;i.O.;
2160;21;60;12,022;12,037;n.i.O.;n.i.O.;i.O.;
2161;21;61;12,02;12,029;n.i.O.;n.i.O.;i.O.;
2162;21;62;12,021;12,026;n.i.O.;n.i.O.;i.O.;
2163;21;63;12,023;12,031;n.i.O.;n.i.O.;n.i.O.;
2164;21;64;12,022;12,035;n.i.O.;n.i.O.;n.i.O.;
2165;21;65;12,023;12,034;n.i.O.;n.i.O.;i.O.;
2166;21;66;12,018;12,034;i.O.;n.i.O.;i.O.;
2167;21;67;12,018;12,036;i.O.;n.i.O.;i.O.;
2168;21;68;12,021;12,033;n.i.O.;n.i.O.;i.O.;
2169;21;69;12,019;12,033;n.i.O.;n.i.O.;i.O.;
2170;21;70;12,019;12,033;n.i.O.;n.i.O.;i.O.;
2171;21;71;12,021;12,028;n.i.O.;n.i.O.;i.O.;
2172;21;72;12,027;12,035;n.i.O.;n.i.O.;n.i.O.;
2173;21;73;12,021;12,035;n.i.O.;n.i.O.;i.O.;
2174;21;74;12,02;12,031;n.i.O.;n.i.O.;i.O.;
2175;21;75;12,017;12,028;i.O.;n.i.O.;i.O.;
2176;21;76;12,018;12,026;i.O.;n.i.O.;i.O.;
2177;21;77;12,021;12,03;n.i.O.;n.i.O.;i.O.;
2178;21;78;12,024;12,042;n.i.O.;n.i.O.;i.O.;
2179;21;79;12,026;12,041;n.i.O.;n.i.O.;i.O.;
2180;21;80;12,026;12,04;n.i.O.;n.i.O.;n.i.O.;
2181;21;81;12,02;12,032;n.i.O.;n.i.O.;i.O.;
2201;22;1;12,012;12,023;i.O.;n.i.O.;i.O.;"1x Vc;3x f"
2202;22;2;12,011;12,014;i.O.;i.O.;i.O.;
2203;22;3;12,01;12,015;i.O.;i.O.;i.O.;
2204;22;4;12,009;12,018;i.O.;i.O.;i.O.;
2205;22;5;12,009;12,017;i.O.;i.O.;i.O.;
2206;22;6;12,008;12,014;i.O.;i.O.;i.O.;
2207;22;7;12,009;12,013;i.O.;i.O.;i.O.;
2208;22;8;12,008;12,012;i.O.;i.O.;i.O.;
2209;22;9;12,009;12,015;i.O.;i.O.;i.O.;
2210;22;10;12,012;12,025;i.O.;n.i.O.;i.O.;
2211;22;11;12,007;12,012;i.O.;i.O.;i.O.;
2212;22;12;12,01;12,018;i.O.;i.O.;i.O.;
2213;22;13;12,011;12,017;i.O.;i.O.;i.O.;
2214;22;14;12,009;12,017;i.O.;i.O.;i.O.;
2215;22;15;12,009;12,018;i.O.;i.O.;i.O.;
2216;22;16;12,01;12,016;i.O.;i.O.;i.O.;
2217;22;17;12,01;12,015;i.O.;i.O.;i.O.;
2218;22;18;12,011;12,013;i.O.;i.O.;i.O.;
2219;22;19;12,009;12,013;i.O.;i.O.;i.O.;
2220;22;20;12,008;12,015;i.O.;i.O.;i.O.;
2221;22;21;12,008;12,014;i.O.;i.O.;i.O.;
2222;22;22;12,011;12,017;i.O.;i.O.;i.O.;
2223;22;23;12,01;12,016;i.O.;i.O.;i.O.;
2224;22;24;12,01;12,018;i.O.;i.O.;i.O.;
2225;22;25;12,008;12,015;i.O.;i.O.;i.O.;
2226;22;26;12,008;12,01;i.O.;i.O.;i.O.;
2227;22;27;12,009;12,013;i.O.;i.O.;i.O.;
2228;22;28;12,01;12,018;i.O.;i.O.;i.O.;
2229;22;29;12,01;12,018;i.O.;i.O.;i.O.;
2230;22;30;12,01;12,02;i.O.;n.i.O.;i.O.;
2231;22;31;12,011;12,015;i.O.;i.O.;i.O.;
2232;22;32;12,01;12,012;i.O.;i.O.;i.O.;
2233;22;33;12,011;12,017;i.O.;i.O.;i.O.;
2234;22;34;12,009;12,017;i.O.;i.O.;i.O.;
2235;22;35;12,009;12,013;i.O.;i.O.;i.O.;
2236;22;36;12,011;12,017;i.O.;i.O.;i.O.;
2237;22;37;12,008;12,016;i.O.;i.O.;i.O.;
2238;22;38;12,011;12,016;i.O.;i.O.;i.O.;
2239;22;39;12,01;12,016;i.O.;i.O.;i.O.;
2240;22;40;12,012;12,019;i.O.;n.i.O.;i.O.;
2241;22;41;12,011;12,022;i.O.;n.i.O.;i.O.;
2242;22;42;12,009;12,014;i.O.;i.O.;i.O.;
2243;22;43;12,01;12,017;i.O.;i.O.;i.O.;
2244;22;44;12,01;12,016;i.O.;i.O.;i.O.;
2245;22;45;12,01;12,016;i.O.;i.O.;i.O.;
2246;22;46;12,012;12,017;i.O.;i.O.;i.O.;
2247;22;47;12,01;12,013;i.O.;i.O.;i.O.;
2248;22;48;12,01;12,016;i.O.;i.O.;i.O.;
2249;22;49;12,011;12,018;i.O.;i.O.;i.O.;
2250;22;50;12,01;12,013;i.O.;i.O.;i.O.;
2251;22;51;12,011;12,015;i.O.;i.O.;i.O.;
2252;22;52;12,008;12,017;i.O.;i.O.;i.O.;
2253;22;53;12,009;12,01;i.O.;i.O.;i.O.;
2254;22;54;12,01;12,015;i.O.;i.O.;i.O.;
2255;22;55;12,011;12,017;i.O.;i.O.;i.O.;
2256;22;56;12,01;12,02;i.O.;n.i.O.;i.O.;
2257;22;57;12,011;12,02;i.O.;n.i.O.;i.O.;
2258;22;58;12,012;12,021;i.O.;n.i.O.;i.O.;
2259;22;59;12,01;12,014;i.O.;i.O.;i.O.;
2260;22;60;12,01;12,014;i.O.;i.O.;i.O.;
2261;22;61;12,01;12,017;i.O.;i.O.;i.O.;
2262;22;62;12,012;12,019;i.O.;n.i.O.;i.O.;
2263;22;63;12,01;12,013;i.O.;i.O.;i.O.;
2264;22;64;12,009;12,017;i.O.;i.O.;i.O.;
2265;22;65;12,011;12,018;i.O.;i.O.;i.O.;
2266;22;66;12,009;12,012;i.O.;i.O.;i.O.;
2267;22;67;12,01;12,019;i.O.;n.i.O.;i.O.;
2268;22;68;12,011;12,016;i.O.;i.O.;i.O.;
2269;22;69;12,012;12,015;i.O.;i.O.;i.O.;
2270;22;70;12,012;12,014;i.O.;i.O.;i.O.;
2271;22;71;12,014;12,018;i.O.;i.O.;i.O.;
2272;22;72;12,01;12,016;i.O.;i.O.;i.O.;
2273;22;73;12,009;12,013;i.O.;i.O.;i.O.;
2274;22;74;12,011;12,013;i.O.;i.O.;i.O.;
2275;22;75;12,013;12,012;i.O.;i.O.;i.O.;
2276;22;76;12,01;12,013;i.O.;i.O.;i.O.;
2277;22;77;12,011;12,013;i.O.;i.O.;i.O.;
2278;22;78;12,013;12,016;i.O.;i.O.;i.O.;
2279;22;79;12,011;12,012;i.O.;i.O.;i.O.;
2280;22;80;12,012;12,017;i.O.;i.O.;i.O.;
2281;22;81;12,011;12,014;i.O.;i.O.;i.O.;
2301;23;1;12,016;12,025;i.O.;n.i.O.;i.O.;"3x Vc;1x f"
2302;23;2;12,016;12,023;i.O.;n.i.O.;i.O.;
2303;23;3;12,021;12,024;n.i.O.;n.i.O.;i.O.;
2304;23;4;12,015;12,023;i.O.;n.i.O.;i.O.;
2305;23;5;12,014;12,023;i.O.;n.i.O.;i.O.;
2306;23;6;12,014;12,032;i.O.;n.i.O.;i.O.;
2307;23;7;12,016;12,023;i.O.;n.i.O.;i.O.;
2308;23;8;12,013;12,021;i.O.;n.i.O.;i.O.;
2309;23;9;12,015;12,02;i.O.;n.i.O.;i.O.;
2310;23;10;12,013;12,02;i.O.;n.i.O.;i.O.;
2311;23;11;12,018;12,023;i.O.;n.i.O.;i.O.;
2312;23;12;12,014;12,02;i.O.;n.i.O.;i.O.;
2313;23;13;12,014;12,018;i.O.;i.O.;i.O.;
2314;23;14;12,016;12,022;i.O.;n.i.O.;i.O.;
2315;23;15;12,015;12,02;i.O.;n.i.O.;i.O.;
2316;23;16;12,016;12,03;i.O.;n.i.O.;i.O.;
2317;23;17;12,017;12,023;i.O.;n.i.O.;i.O.;
2318;23;18;12,016;12,03;i.O.;n.i.O.;i.O.;
2319;23;19;12,019;12,032;n.i.O.;n.i.O.;i.O.;
2320;23;20;12,017;12,067;i.O.;n.i.O.;i.O.;
2321;23;21;12,016;12,049;i.O.;n.i.O.;i.O.;
2322;23;22;12,015;12,024;i.O.;n.i.O.;i.O.;
2323;23;23;12,013;12,032;i.O.;n.i.O.;i.O.;
2324;23;24;12,012;12,018;i.O.;i.O.;i.O.;
2325;23;25;12,014;12,025;i.O.;n.i.O.;i.O.;
2326;23;26;12,018;12,024;i.O.;n.i.O.;i.O.;
2327;23;27;12,018;12,022;i.O.;n.i.O.;i.O.;
2328;23;28;12,015;12,022;i.O.;n.i.O.;i.O.;
2329;23;29;12,02;12,03;n.i.O.;n.i.O.;i.O.;
2330;23;30;12,016;12,021;i.O.;n.i.O.;i.O.;
2331;23;31;12,012;12,018;i.O.;i.O.;i.O.;
2332;23;32;12,014;12,038;i.O.;n.i.O.;i.O.;
2333;23;33;12,016;12,022;i.O.;n.i.O.;i.O.;
2334;23;34;12,016;12,022;i.O.;n.i.O.;i.O.;
2335;23;35;12,016;12,042;i.O.;n.i.O.;i.O.;
2336;23;36;12,017;12,027;i.O.;n.i.O.;i.O.;
2337;23;37;12,013;12,021;i.O.;n.i.O.;i.O.;
2338;23;38;12,014;12,022;i.O.;n.i.O.;i.O.;
2339;23;39;12,014;12,02;i.O.;n.i.O.;i.O.;
2340;23;40;12,014;12,025;i.O.;n.i.O.;i.O.;
2341;23;41;12,015;12,019;i.O.;n.i.O.;i.O.;
2342;23;42;12,014;12,021;i.O.;n.i.O.;i.O.;
2343;23;43;12,012;12,036;i.O.;n.i.O.;i.O.;
2344;23;44;12,014;12,023;i.O.;n.i.O.;i.O.;
2345;23;45;12,015;12,045;i.O.;n.i.O.;i.O.;
2346;23;46;12,015;12,021;i.O.;n.i.O.;i.O.;
2347;23;47;12,013;12,021;i.O.;n.i.O.;i.O.;
2348;23;48;12,013;12,02;i.O.;n.i.O.;i.O.;
2349;23;49;12,015;12,022;i.O.;n.i.O.;i.O.;
2350;23;50;12,013;12,02;i.O.;n.i.O.;i.O.;
2351;23;51;12,012;12,025;i.O.;n.i.O.;i.O.;
2352;23;52;12,014;12,018;i.O.;i.O.;i.O.;
2353;23;53;12,015;12,023;i.O.;n.i.O.;i.O.;
2354;23;54;12,013;12,027;i.O.;n.i.O.;i.O.;
2355;23;55;12,022;12,028;n.i.O.;n.i.O.;i.O.;
2356;23;56;12,018;12,028;i.O.;n.i.O.;i.O.;
2357;23;57;12,017;12,023;i.O.;n.i.O.;i.O.;
2358;23;58;12,02;12,028;n.i.O.;n.i.O.;i.O.;
2359;23;59;12,015;12,029;i.O.;n.i.O.;i.O.;
2360;23;60;12,013;12,02;i.O.;n.i.O.;i.O.;
2361;23;61;12,021;12,027;n.i.O.;n.i.O.;i.O.;
2362;23;62;12,015;12,026;i.O.;n.i.O.;i.O.;
2363;23;63;12,015;12,02;i.O.;n.i.O.;i.O.;
2364;23;64;12,019;12,029;n.i.O.;n.i.O.;i.O.;
2365;23;65;12,023;12,025;n.i.O.;n.i.O.;i.O.;
2366;23;66;12,018;12,03;i.O.;n.i.O.;i.O.;
2367;23;67;12,019;12,034;n.i.O.;n.i.O.;i.O.;
2368;23;68;12,018;12,023;i.O.;n.i.O.;i.O.;
2369;23;69;12,02;12,029;n.i.O.;n.i.O.;i.O.;
2370;23;70;12,018;12,025;i.O.;n.i.O.;i.O.;
2371;23;71;12,016;12,027;i.O.;n.i.O.;i.O.;
2372;23;72;12,014;12,018;i.O.;i.O.;i.O.;
2373;23;73;12,022;12,032;n.i.O.;n.i.O.;i.O.;
2374;23;74;12,027;12,038;n.i.O.;n.i.O.;n.i.O.;
2375;23;75;12,027;12,032;n.i.O.;n.i.O.;i.O.;
2376;23;76;12,019;12,025;n.i.O.;n.i.O.;n.i.O.;
2377;23;77;12,022;12,027;n.i.O.;n.i.O.;n.i.O.;
2378;23;78;12,016;12,025;i.O.;n.i.O.;i.O.;
2379;23;79;12,023;12,029;n.i.O.;n.i.O.;n.i.O.;
2380;23;80;12,018;12,025;i.O.;n.i.O.;i.O.;
2381;23;81;12,025;12,03;n.i.O.;n.i.O.;n.i.O.;
2401;24;1;12,022;12,041;n.i.O.;n.i.O.;i.O.;"3x Vc; 2x f"
2402;24;2;12,016;12,026;i.O.;n.i.O.;i.O.;
2403;24;3;12,017;12,027;i.O.;n.i.O.;i.O.;
2404;24;4;12,018;12,025;i.O.;n.i.O.;i.O.;
2405;24;5;12,018;12,037;i.O.;n.i.O.;i.O.;
2406;24;6;12,019;12,033;n.i.O.;n.i.O.;i.O.;
2407;24;7;12,018;12,028;i.O.;n.i.O.;i.O.;
2408;24;8;12,02;12,027;n.i.O.;n.i.O.;n.i.O.;
2409;24;9;12,016;12,026;i.O.;n.i.O.;i.O.;
2410;24;10;12,017;12,025;i.O.;n.i.O.;i.O.;
2411;24;11;12,022;12,036;n.i.O.;n.i.O.;i.O.;
2412;24;12;12,015;12,023;i.O.;n.i.O.;i.O.;
2413;24;13;12,016;12,03;i.O.;n.i.O.;i.O.;
2414;24;14;12,016;12,03;i.O.;n.i.O.;i.O.;
2415;24;15;12,019;12,027;n.i.O.;n.i.O.;i.O.;
2416;24;16;12,016;12,025;i.O.;n.i.O.;i.O.;
2417;24;17;12,017;12,024;i.O.;n.i.O.;i.O.;
2418;24;18;12,019;12,029;n.i.O.;n.i.O.;i.O.;
2419;24;19;12,021;12,033;n.i.O.;n.i.O.;i.O.;
2420;24;20;12,024;12,041;n.i.O.;n.i.O.;i.O.;
2421;24;21;12,021;12,047;n.i.O.;n.i.O.;n.i.O.;
2422;24;22;12,021;12,034;n.i.O.;n.i.O.;n.i.O.;
2423;24;23;12,015;12,023;i.O.;n.i.O.;i.O.;
2424;24;24;12,016;12,027;i.O.;n.i.O.;i.O.;
2425;24;25;12,025;12,035;n.i.O.;n.i.O.;n.i.O.;
2426;24;26;12,019;12,029;n.i.O.;n.i.O.;i.O.;
2427;24;27;12,019;12,029;n.i.O.;n.i.O.;i.O.;
2428;24;28;12,026;12,041;n.i.O.;n.i.O.;n.i.O.;
2429;24;29;12,021;12,038;n.i.O.;n.i.O.;n.i.O.;
2430;24;30;12,019;12,024;n.i.O.;n.i.O.;i.O.;
2431;24;31;12,024;12,034;n.i.O.;n.i.O.;i.O.;
2432;24;32;12,018;12,039;i.O.;n.i.O.;i.O.;
2433;24;33;12,02;12,032;n.i.O.;n.i.O.;n.i.O.;
2434;24;34;12,018;12,028;i.O.;n.i.O.;i.O.;
2435;24;35;12,017;12,027;i.O.;n.i.O.;i.O.;
2436;24;36;12,014;12,021;i.O.;n.i.O.;i.O.;
2437;24;37;12,017;12,026;i.O.;n.i.O.;i.O.;
2438;24;38;12,017;12,035;i.O.;n.i.O.;i.O.;
2439;24;39;12,023;12,036;n.i.O.;n.i.O.;n.i.O.;
2440;24;40;12,016;12,031;i.O.;n.i.O.;i.O.;
2441;24;41;12,026;12,04;n.i.O.;n.i.O.;n.i.O.;
2442;24;42;12,015;12,024;i.O.;n.i.O.;i.O.;
2443;24;43;12,018;12,034;i.O.;n.i.O.;i.O.;
2444;24;44;12,022;12,039;n.i.O.;n.i.O.;n.i.O.;
2445;24;45;12,015;12,023;i.O.;n.i.O.;i.O.;
2446;24;46;12,018;12,028;i.O.;n.i.O.;i.O.;
2447;24;47;12,014;12,023;i.O.;n.i.O.;i.O.;
2448;24;48;12,022;12,033;n.i.O.;n.i.O.;i.O.;
2449;24;49;12,02;12,027;n.i.O.;n.i.O.;n.i.O.;
2450;24;50;12,018;12,04;i.O.;n.i.O.;i.O.;
2451;24;51;12,023;12,041;n.i.O.;n.i.O.;i.O.;
2452;24;52;12,018;12,028;i.O.;n.i.O.;i.O.;
2453;24;53;12,028;12,041;n.i.O.;n.i.O.;n.i.O.;
2454;24;54;12,016;12,024;i.O.;n.i.O.;i.O.;
2455;24;55;12,017;12,032;i.O.;n.i.O.;i.O.;
2456;24;56;12,016;12,027;i.O.;n.i.O.;i.O.;
2457;24;57;12,022;12,032;n.i.O.;n.i.O.;i.O.;
2458;24;58;12,018;12,024;i.O.;n.i.O.;i.O.;
2459;24;59;12,016;12,025;i.O.;n.i.O.;i.O.;
2460;24;60;12,014;12,021;i.O.;n.i.O.;i.O.;
2461;24;61;12,015;12,022;i.O.;n.i.O.;i.O.;
2462;24;62;12,02;12,029;n.i.O.;n.i.O.;i.O.;
2463;24;63;12,019;12,026;n.i.O.;n.i.O.;i.O.;
2464;24;64;12,024;12,039;n.i.O.;n.i.O.;n.i.O.;
2465;24;65;12,019;12,032;n.i.O.;n.i.O.;n.i.O.;
2466;24;66;12,015;12,025;i.O.;n.i.O.;i.O.;
2467;24;67;12,022;12,039;n.i.O.;n.i.O.;i.O.;
2468;24;68;12,026;12,031;n.i.O.;n.i.O.;i.O.;
2469;24;69;12,016;12,031;i.O.;n.i.O.;i.O.;
2470;24;70;12,016;12,026;i.O.;n.i.O.;i.O.;
2471;24;71;12,018;12,025;i.O.;n.i.O.;i.O.;
2472;24;72;12,017;12,024;i.O.;n.i.O.;i.O.;
2473;24;73;12,031;12,046;n.i.O.;n.i.O.;n.i.O.;
2474;24;74;12,015;12,023;i.O.;n.i.O.;i.O.;
2475;24;75;12,016;12,022;i.O.;n.i.O.;i.O.;
2476;24;76;12,016;12,03;i.O.;n.i.O.;i.O.;
2477;24;77;12,023;12,029;n.i.O.;n.i.O.;i.O.;
2478;24;78;12,019;12,031;n.i.O.;n.i.O.;i.O.;
2479;24;79;12,013;12,023;i.O.;n.i.O.;i.O.;
2480;24;80;12,015;12,026;i.O.;n.i.O.;i.O.;
2481;24;81;12,016;12,024;i.O.;n.i.O.;i.O.;
2501;25;1;12,016;12,029;i.O.;n.i.O.;i.O.;"2xVc; 3x f"
2502;25;2;12,014;12,019;i.O.;n.i.O.;i.O.;
2503;25;3;12,013;12,021;i.O.;n.i.O.;i.O.;
2504;25;4;12,014;12,028;i.O.;n.i.O.;i.O.;
2505;25;5;12,013;12,028;i.O.;n.i.O.;i.O.;
2506;25;6;12,015;12,023;i.O.;n.i.O.;i.O.;
2507;25;7;12,012;12,022;i.O.;n.i.O.;i.O.;
2508;25;8;12,013;12,02;i.O.;n.i.O.;i.O.;
2509;25;9;12,014;12,024;i.O.;n.i.O.;i.O.;
2510;25;10;12,013;12,026;i.O.;n.i.O.;i.O.;
2511;25;11;12,011;12,025;i.O.;n.i.O.;i.O.;
2512;25;12;12,012;12,02;i.O.;n.i.O.;i.O.;
2513;25;13;12,01;12,021;i.O.;n.i.O.;i.O.;
2514;25;14;12,013;12,022;i.O.;n.i.O.;i.O.;
2515;25;15;12,013;12,024;i.O.;n.i.O.;i.O.;
2516;25;16;12,013;12,023;i.O.;n.i.O.;i.O.;
2517;25;17;12,011;12,031;i.O.;n.i.O.;i.O.;
2518;25;18;12,012;12,018;i.O.;i.O.;i.O.;
2519;25;19;12,011;12,02;i.O.;n.i.O.;i.O.;
2520;25;20;12,012;12,025;i.O.;n.i.O.;i.O.;
2521;25;21;12,01;12,026;i.O.;n.i.O.;i.O.;
2522;25;22;12,008;12,02;i.O.;n.i.O.;i.O.;
2523;25;23;12,016;12,025;i.O.;n.i.O.;i.O.;
2524;25;24;12,013;12,031;i.O.;n.i.O.;i.O.;
2525;25;25;12,013;12,027;i.O.;n.i.O.;i.O.;
2526;25;26;12,014;12,023;i.O.;n.i.O.;i.O.;
2527;25;27;12,011;12,021;i.O.;n.i.O.;i.O.;
2528;25;28;12,011;12,021;i.O.;n.i.O.;i.O.;
2529;25;29;12,011;12,019;i.O.;n.i.O.;i.O.;
2530;25;30;12,01;12,021;i.O.;n.i.O.;i.O.;
2531;25;31;12,01;12,018;i.O.;i.O.;i.O.;
2532;25;32;12,012;12,033;i.O.;n.i.O.;i.O.;
2533;25;33;12,011;12,021;i.O.;n.i.O.;i.O.;
2534;25;34;12,015;12,029;i.O.;n.i.O.;i.O.;
2535;25;35;12,012;12,034;i.O.;n.i.O.;i.O.;
2536;25;36;12,013;12,027;i.O.;n.i.O.;i.O.;
2537;25;37;12,014;12,025;i.O.;n.i.O.;i.O.;
2538;25;38;12,012;12,019;i.O.;n.i.O.;i.O.;
2539;25;39;12,012;12,03;i.O.;n.i.O.;i.O.;
2540;25;40;12,012;12,024;i.O.;n.i.O.;i.O.;
2541;25;41;12,011;12,022;i.O.;n.i.O.;i.O.;
2542;25;42;12,013;12,02;i.O.;n.i.O.;i.O.;
2543;25;43;12,012;12,024;i.O.;n.i.O.;i.O.;
2544;25;44;12,013;12,02;i.O.;n.i.O.;i.O.;
2545;25;45;12,013;12,023;i.O.;n.i.O.;i.O.;
2546;25;46;12,012;12,022;i.O.;n.i.O.;i.O.;
2547;25;47;12,01;12,016;i.O.;i.O.;i.O.;
2548;25;48;12,011;12,022;i.O.;n.i.O.;i.O.;
2549;25;49;12,009;12,018;i.O.;i.O.;i.O.;
2550;25;50;12,011;12,019;i.O.;n.i.O.;i.O.;
2551;25;51;12,013;12,022;i.O.;n.i.O.;i.O.;
2552;25;52;12,013;12,025;i.O.;n.i.O.;i.O.;
2553;25;53;12,012;12,018;i.O.;i.O.;i.O.;
2554;25;54;12,014;12,022;i.O.;n.i.O.;i.O.;
2555;25;55;12,012;12,024;i.O.;n.i.O.;i.O.;
2556;25;56;12,013;12,022;i.O.;n.i.O.;i.O.;
2557;25;57;12,013;12,019;i.O.;n.i.O.;i.O.;
2558;25;58;12,012;12,032;i.O.;n.i.O.;i.O.;
2559;25;59;12,011;12,02;i.O.;n.i.O.;i.O.;
2560;25;60;12,015;12,031;i.O.;n.i.O.;i.O.;
2561;25;61;12,017;12,029;i.O.;n.i.O.;i.O.;
2562;25;62;12,013;12,026;i.O.;n.i.O.;i.O.;
2563;25;63;12,013;12,023;i.O.;n.i.O.;i.O.;
2564;25;64;12,016;12,029;i.O.;n.i.O.;i.O.;
2565;25;65;12,015;12,032;i.O.;n.i.O.;i.O.;
2566;25;66;12,011;12,021;i.O.;n.i.O.;i.O.;
2567;25;67;12,014;12,024;i.O.;n.i.O.;i.O.;
2568;25;68;12,013;12,021;i.O.;n.i.O.;i.O.;
2569;25;69;12,013;12,021;i.O.;n.i.O.;i.O.;
2570;25;70;12,012;12,026;i.O.;n.i.O.;i.O.;
2571;25;71;12,015;12,023;i.O.;n.i.O.;i.O.;
2572;25;72;12,013;12,02;i.O.;n.i.O.;i.O.;
2573;25;73;12,013;12,021;i.O.;n.i.O.;i.O.;
2574;25;74;12,013;12,025;i.O.;n.i.O.;i.O.;
2575;25;75;12,014;12,021;i.O.;n.i.O.;i.O.;
2576;25;76;12,015;12,023;i.O.;n.i.O.;i.O.;
2577;25;77;12,014;12,02;i.O.;n.i.O.;i.O.;
2578;25;78;12,014;12,024;i.O.;n.i.O.;i.O.;
2579;25;79;12,013;12,022;i.O.;n.i.O.;i.O.;
2580;25;80;12,012;12,026;i.O.;n.i.O.;i.O.;
2581;25;81;12,014;12,03;i.O.;n.i.O.;i.O.;
2601;26;1;12,008;12,029;i.O.;n.i.O.;i.O.;"1x Vc; 3x f"
2602;26;2;12,008;12,017;i.O.;i.O.;i.O.;
2603;26;3;12,01;12,022;i.O.;n.i.O.;i.O.;
2604;26;4;12,009;12,021;i.O.;n.i.O.;i.O.;
2605;26;5;12,008;12,015;i.O.;i.O.;i.O.;
2606;26;6;12,011;12,018;i.O.;i.O.;i.O.;
2607;26;7;12,008;12,013;i.O.;i.O.;i.O.;
2608;26;8;12,01;12,014;i.O.;i.O.;i.O.;
2609;26;9;12,014;12,019;i.O.;n.i.O.;i.O.;
2610;26;10;12,011;12,026;i.O.;n.i.O.;i.O.;
2611;26;11;12,01;12,018;i.O.;i.O.;i.O.;
2612;26;12;12,009;12,024;i.O.;n.i.O.;i.O.;
2613;26;13;12,013;12,024;i.O.;n.i.O.;i.O.;
2614;26;14;12,01;12,029;i.O.;n.i.O.;i.O.;
2615;26;15;12,008;12,018;i.O.;i.O.;i.O.;
2616;26;16;12,008;12,021;i.O.;n.i.O.;i.O.;
2617;26;17;12,01;12,016;i.O.;i.O.;i.O.;
2618;26;18;12,011;12,015;i.O.;i.O.;i.O.;
2619;26;19;12,01;12,018;i.O.;i.O.;i.O.;
2620;26;20;12,011;12,019;i.O.;n.i.O.;i.O.;
2621;26;21;12,01;12,019;i.O.;n.i.O.;i.O.;
2622;26;22;12,009;12,017;i.O.;i.O.;i.O.;
2623;26;23;12,009;12,018;i.O.;i.O.;i.O.;
2624;26;24;12,012;12,026;i.O.;n.i.O.;i.O.;
2625;26;25;12,007;12,015;i.O.;i.O.;i.O.;
2626;26;26;12,008;12,016;i.O.;i.O.;i.O.;
2627;26;27;12,012;12,022;i.O.;n.i.O.;i.O.;
2628;26;28;12,011;12,021;i.O.;n.i.O.;i.O.;
2629;26;29;12,009;12,018;i.O.;i.O.;i.O.;
2630;26;30;12,007;12,02;i.O.;n.i.O.;i.O.;
2631;26;31;12,01;12,02;i.O.;n.i.O.;i.O.;
2632;26;32;12,007;12,018;i.O.;i.O.;i.O.;
2633;26;33;12,008;12,017;i.O.;i.O.;i.O.;
2634;26;34;12,009;12,012;i.O.;i.O.;i.O.;
2635;26;35;12,011;12,018;i.O.;i.O.;i.O.;
2636;26;36;12,012;12,014;i.O.;i.O.;i.O.;
2637;26;37;12,008;12,02;i.O.;n.i.O.;i.O.;
2638;26;38;12,008;12,014;i.O.;i.O.;i.O.;
2639;26;39;12,013;12,023;i.O.;n.i.O.;i.O.;
2640;26;40;12,008;12,016;i.O.;i.O.;i.O.;
2641;26;41;12,009;12,017;i.O.;i.O.;i.O.;
2642;26;42;12,008;12,017;i.O.;i.O.;i.O.;
2643;26;43;12,011;12,022;i.O.;n.i.O.;i.O.;
2644;26;44;12,012;12,021;i.O.;n.i.O.;i.O.;
2645;26;45;12,005;12,016;i.O.;i.O.;i.O.;
2646;26;46;12,007;12,02;i.O.;n.i.O.;i.O.;
2647;26;47;12,011;12,017;i.O.;i.O.;i.O.;
2648;26;48;12,009;12,016;i.O.;i.O.;i.O.;
2649;26;49;12,008;12,015;i.O.;i.O.;i.O.;
2650;26;50;12,012;12,02;i.O.;n.i.O.;i.O.;
2651;26;51;12,013;12,026;i.O.;n.i.O.;i.O.;
2652;26;52;12,009;12,021;i.O.;n.i.O.;i.O.;
2653;26;53;12,009;12,02;i.O.;n.i.O.;i.O.;
2654;26;54;12,008;12,026;i.O.;n.i.O.;i.O.;
2655;26;55;12,009;12,027;i.O.;n.i.O.;i.O.;
2656;26;56;12,007;12,019;i.O.;n.i.O.;i.O.;
2657;26;57;12,009;12,02;i.O.;n.i.O.;i.O.;
2658;26;58;12,013;12,024;i.O.;n.i.O.;i.O.;
2659;26;59;12,009;12,019;i.O.;n.i.O.;i.O.;
2660;26;60;12,009;12,021;i.O.;n.i.O.;i.O.;
2661;26;61;12,006;12,017;i.O.;i.O.;i.O.;
2662;26;62;12,007;12,017;i.O.;i.O.;i.O.;
2663;26;63;12,011;12,02;i.O.;n.i.O.;i.O.;
2664;26;64;12,009;12,022;i.O.;n.i.O.;i.O.;
2665;26;65;12,008;12,015;i.O.;i.O.;i.O.;
2666;26;66;12,009;12,017;i.O.;i.O.;i.O.;
2667;26;67;12,01;12,018;i.O.;i.O.;i.O.;
2668;26;68;12,008;12,018;i.O.;i.O.;i.O.;
2669;26;69;12,006;12,016;i.O.;i.O.;i.O.;
2670;26;70;12,013;12,026;i.O.;n.i.O.;i.O.;
2671;26;71;12,012;12,028;i.O.;n.i.O.;i.O.;
2672;26;72;12,012;12,02;i.O.;n.i.O.;i.O.;
2673;26;73;12,01;12,021;i.O.;n.i.O.;i.O.;
2674;26;74;12,01;12,019;i.O.;n.i.O.;i.O.;
2675;26;75;12,01;12,018;i.O.;i.O.;i.O.;
2676;26;76;12,007;12,013;i.O.;i.O.;i.O.;
2677;26;77;12,01;12,024;i.O.;n.i.O.;i.O.;
2678;26;78;12,014;12,021;i.O.;n.i.O.;i.O.;
2679;26;79;12,012;12,02;i.O.;n.i.O.;i.O.;
2680;26;80;12,01;12,018;i.O.;i.O.;i.O.;
2681;26;81;12,013;12,021;i.O.;n.i.O.;i.O.;
2701;27;1;12,019;12,026;n.i.O.;n.i.O.;n.i.O.;"3x Vc; 1xf"
2702;27;2;12,021;12,027;n.i.O.;n.i.O.;n.i.O.;
2703;27;3;12,024;12,035;n.i.O.;n.i.O.;n.i.O.;
2704;27;4;12,022;12,03;n.i.O.;n.i.O.;n.i.O.;
2705;27;5;12,018;12,042;i.O.;n.i.O.;i.O.;
2706;27;6;12,023;12,033;n.i.O.;n.i.O.;n.i.O.;
2707;27;7;12,019;12,035;n.i.O.;n.i.O.;n.i.O.;
2708;27;8;12,02;12,023;n.i.O.;n.i.O.;n.i.O.;
2709;27;9;12,013;12,022;i.O.;n.i.O.;i.O.;
2710;27;10;12,015;12,027;i.O.;n.i.O.;i.O.;
2711;27;11;12,02;12,029;n.i.O.;n.i.O.;i.O.;
2712;27;12;12,023;12,036;n.i.O.;n.i.O.;i.O.;
2713;27;13;12,019;12,032;n.i.O.;n.i.O.;i.O.;
2714;27;14;12,019;12,045;n.i.O.;n.i.O.;i.O.;
2715;27;15;12,018;12,023;i.O.;n.i.O.;i.O.;
2716;27;16;12,023;12,048;n.i.O.;n.i.O.;i.O.;
2717;27;17;12,021;12,045;n.i.O.;n.i.O.;i.O.;
2718;27;18;12,015;12,021;i.O.;n.i.O.;i.O.;
2719;27;19;12,017;12,026;i.O.;n.i.O.;i.O.;
2720;27;20;12,015;12,027;i.O.;n.i.O.;i.O.;
2721;27;21;12,014;12,024;i.O.;n.i.O.;i.O.;
2722;27;22;12,026;12,037;n.i.O.;n.i.O.;n.i.O.;
2723;27;23;12,014;12,025;i.O.;n.i.O.;i.O.;
2724;27;24;12,023;12,03;n.i.O.;n.i.O.;n.i.O.;
2725;27;25;12,016;12,029;i.O.;n.i.O.;i.O.;
2726;27;26;12,019;12,03;n.i.O.;n.i.O.;n.i.O.;
2727;27;27;12,023;12,026;n.i.O.;n.i.O.;n.i.O.;
2728;27;28;12,021;12,041;n.i.O.;n.i.O.;i.O.;
2729;27;29;12,019;12,03;n.i.O.;n.i.O.;i.O.;
2730;27;30;12,017;12,02;i.O.;n.i.O.;i.O.;
2731;27;31;12,018;12,026;i.O.;n.i.O.;i.O.;
2732;27;32;12,019;12,033;n.i.O.;n.i.O.;i.O.;
2733;27;33;12,013;12,022;i.O.;n.i.O.;i.O.;
2734;27;34;12,018;12,023;i.O.;n.i.O.;i.O.;
2735;27;35;12,019;12,026;n.i.O.;n.i.O.;n.i.O.;
2736;27;36;12,019;12,027;n.i.O.;n.i.O.;i.O.;
2737;27;37;12,019;12,039;n.i.O.;n.i.O.;i.O.;
2738;27;38;12,019;12,028;n.i.O.;n.i.O.;i.O.;
2739;27;39;12,016;12,027;i.O.;n.i.O.;i.O.;
2740;27;40;12,025;12,04;n.i.O.;n.i.O.;n.i.O.;
2741;27;41;12,025;12,04;n.i.O.;n.i.O.;n.i.O.;
2742;27;42;12,018;12,024;i.O.;n.i.O.;i.O.;
2743;27;43;12,028;12,047;n.i.O.;n.i.O.;n.i.O.;
2744;27;44;12,022;12,029;n.i.O.;n.i.O.;i.O.;
2745;27;45;12,017;12,023;i.O.;n.i.O.;i.O.;
2746;27;46;12,017;12,025;i.O.;n.i.O.;i.O.;
2747;27;47;12,02;12,022;n.i.O.;n.i.O.;i.O.;
2748;27;48;12,022;12,03;n.i.O.;n.i.O.;i.O.;
2749;27;49;12,019;12,028;n.i.O.;n.i.O.;i.O.;
2750;27;50;12,022;12,029;n.i.O.;n.i.O.;i.O.;
2751;27;51;12,018;12,03;i.O.;n.i.O.;i.O.;
2752;27;52;12,015;12,021;i.O.;n.i.O.;i.O.;
2753;27;53;12,023;12,033;n.i.O.;n.i.O.;i.O.;
2754;27;54;12,015;12,022;i.O.;n.i.O.;i.O.;
2755;27;55;12,022;12,031;n.i.O.;n.i.O.;i.O.;
2756;27;56;12,021;12,038;n.i.O.;n.i.O.;i.O.;
2757;27;57;12,02;12,037;n.i.O.;n.i.O.;i.O.;
2758;27;58;12,017;12,027;i.O.;n.i.O.;i.O.;
2759;27;59;12,015;12,028;i.O.;n.i.O.;i.O.;
2760;27;60;12,015;12,033;i.O.;n.i.O.;i.O.;
2761;27;61;12,017;12,029;i.O.;n.i.O.;i.O.;
2762;27;62;12,023;12,032;n.i.O.;n.i.O.;i.O.;
2763;27;63;12,013;12,023;i.O.;n.i.O.;i.O.;
2764;27;64;12,018;12,03;i.O.;n.i.O.;i.O.;
2765;27;65;12,019;12,033;n.i.O.;n.i.O.;i.O.;
2766;27;66;12,016;12,023;i.O.;n.i.O.;i.O.;
2767;27;67;12,016;12,023;i.O.;n.i.O.;i.O.;
2768;27;68;12,022;12,034;n.i.O.;n.i.O.;n.i.O.;
2769;27;69;12,019;12,024;n.i.O.;n.i.O.;i.O.;
2770;27;70;12,021;12,027;n.i.O.;n.i.O.;i.O.;
2771;27;71;12,024;12,031;n.i.O.;n.i.O.;i.O.;
2772;27;72;12,026;12,037;n.i.O.;n.i.O.;n.i.O.;
2773;27;73;12,019;12,031;n.i.O.;n.i.O.;i.O.;
2774;27;74;12,021;12,028;n.i.O.;n.i.O.;i.O.;
2775;27;75;12,024;12,033;n.i.O.;n.i.O.;i.O.;
2776;27;76;12,015;12,021;i.O.;n.i.O.;i.O.;
2777;27;77;12,017;12,03;i.O.;n.i.O.;i.O.;
2778;27;78;12,023;12,034;n.i.O.;n.i.O.;n.i.O.;
2779;27;79;12,014;12,021;i.O.;n.i.O.;i.O.;
2780;27;80;12,016;12,02;i.O.;n.i.O.;i.O.;
2781;27;81;12,018;12,031;i.O.;n.i.O.;i.O.;
2801;28;1;12,014;;i.O.;n.i.O.;i.O.;"3x Vc; 2xf"
2802;28;2;12,015;;i.O.;n.i.O.;i.O.;
2803;28;3;12,02;;n.i.O.;n.i.O.;i.O.;
2804;28;4;12,016;;i.O.;n.i.O.;i.O.;
2805;28;5;12,015;;i.O.;n.i.O.;i.O.;
2806;28;6;12,023;;n.i.O.;n.i.O.;i.O.;
2807;28;7;12,021;;n.i.O.;n.i.O.;i.O.;
2808;28;8;12,016;;i.O.;n.i.O.;i.O.;
2809;28;9;12,015;;i.O.;n.i.O.;i.O.;
2810;28;10;12,015;;i.O.;n.i.O.;i.O.;
2811;28;11;12,017;;i.O.;n.i.O.;i.O.;
2812;28;12;12,015;;i.O.;n.i.O.;i.O.;
2813;28;13;12,016;;i.O.;n.i.O.;i.O.;
2814;28;14;12,022;;n.i.O.;n.i.O.;i.O.;
2815;28;15;12,02;;n.i.O.;n.i.O.;i.O.;
2816;28;16;12,015;;i.O.;n.i.O.;i.O.;
2817;28;17;12,019;;n.i.O.;n.i.O.;i.O.;
2818;28;18;12,02;;n.i.O.;n.i.O.;i.O.;
2819;28;19;12,017;;i.O.;n.i.O.;i.O.;
2820;28;20;12,012;;i.O.;n.i.O.;i.O.;
2821;28;21;12,016;;i.O.;n.i.O.;i.O.;
2822;28;22;12,017;;i.O.;n.i.O.;i.O.;
2823;28;23;12,022;;n.i.O.;n.i.O.;i.O.;
2824;28;24;12,02;;n.i.O.;n.i.O.;i.O.;
2825;28;25;12,02;;n.i.O.;n.i.O.;i.O.;
2826;28;26;12,014;;i.O.;n.i.O.;i.O.;
2827;28;27;12,026;;n.i.O.;n.i.O.;i.O.;
2828;28;28;12,016;;i.O.;n.i.O.;i.O.;
2829;28;29;12,018;;i.O.;n.i.O.;i.O.;
2830;28;30;12,021;;n.i.O.;n.i.O.;i.O.;
2831;28;31;12,017;;i.O.;n.i.O.;i.O.;
2832;28;32;12,018;;i.O.;n.i.O.;i.O.;
2833;28;33;12,026;;n.i.O.;n.i.O.;n.i.O.;
2834;28;34;12,016;;i.O.;n.i.O.;i.O.;
2835;28;35;12,015;;i.O.;n.i.O.;i.O.;
2836;28;36;12,017;;i.O.;n.i.O.;i.O.;
2837;28;37;12,016;;i.O.;n.i.O.;i.O.;
2838;28;38;12,018;;i.O.;n.i.O.;i.O.;
2839;28;39;12,021;;n.i.O.;n.i.O.;n.i.O.;
2840;28;40;12,016;;i.O.;n.i.O.;i.O.;
2841;28;41;12,022;;n.i.O.;n.i.O.;n.i.O.;
2842;28;42;12,018;;i.O.;n.i.O.;i.O.;
2843;28;43;12,016;;i.O.;n.i.O.;i.O.;
2844;28;44;12,015;;i.O.;n.i.O.;i.O.;
2845;28;45;12,019;;n.i.O.;n.i.O.;i.O.;
2846;28;46;12,025;;n.i.O.;n.i.O.;n.i.O.;
2847;28;47;12,02;;n.i.O.;n.i.O.;i.O.;
2848;28;48;12,021;;n.i.O.;n.i.O.;i.O.;
2849;28;49;12,019;;n.i.O.;n.i.O.;i.O.;
2850;28;50;12,019;;n.i.O.;n.i.O.;i.O.;
2851;28;51;12,026;;n.i.O.;n.i.O.;i.O.;
2852;28;52;12,018;;i.O.;n.i.O.;i.O.;
2853;28;53;12,015;;i.O.;n.i.O.;i.O.;
2854;28;54;12,017;;i.O.;n.i.O.;i.O.;
2855;28;55;12,02;;n.i.O.;n.i.O.;i.O.;
2856;28;56;12,022;;n.i.O.;n.i.O.;i.O.;
2857;28;57;12,018;;i.O.;n.i.O.;i.O.;
2858;28;58;12,019;;n.i.O.;n.i.O.;i.O.;
2859;28;59;12,018;;i.O.;n.i.O.;i.O.;
2860;28;60;12,016;;i.O.;n.i.O.;i.O.;
2861;28;61;12,02;;n.i.O.;n.i.O.;i.O.;
2862;28;62;12,015;;i.O.;n.i.O.;i.O.;
2863;28;63;12,021;;n.i.O.;n.i.O.;n.i.O.;
2864;28;64;12,021;;n.i.O.;n.i.O.;n.i.O.;
2865;28;65;12,017;;i.O.;n.i.O.;i.O.;
2866;28;66;12,018;;i.O.;n.i.O.;i.O.;
2867;28;67;12,019;;n.i.O.;n.i.O.;i.O.;
2868;28;68;12,019;;n.i.O.;n.i.O.;i.O.;
2869;28;69;12,017;;i.O.;n.i.O.;i.O.;
2870;28;70;12,014;;i.O.;n.i.O.;i.O.;
2871;28;71;12,018;;i.O.;n.i.O.;i.O.;
2872;28;72;12,022;;n.i.O.;n.i.O.;i.O.;
2873;28;73;12,022;;n.i.O.;n.i.O.;i.O.;
2874;28;74;12,017;;i.O.;n.i.O.;i.O.;
2875;28;75;12,017;;i.O.;n.i.O.;i.O.;
2876;28;76;12,016;;i.O.;n.i.O.;i.O.;
2877;28;77;12,018;;i.O.;n.i.O.;i.O.;
2878;28;78;12,018;;i.O.;n.i.O.;i.O.;
2879;28;79;12,018;;i.O.;n.i.O.;i.O.;
2880;28;80;12,015;;i.O.;n.i.O.;i.O.;
2881;28;81;12,02;;n.i.O.;n.i.O.;i.O.;
2901;29;1;12,017;;i.O.;n.i.O.;i.O.;"2x Vc;3x f"
2902;29;2;12,02;;n.i.O.;n.i.O.;i.O.;
2903;29;3;12,019;;n.i.O.;n.i.O.;i.O.;
2904;29;4;12,018;;i.O.;n.i.O.;i.O.;
2905;29;5;12,016;;i.O.;n.i.O.;i.O.;
2906;29;6;12,017;;i.O.;n.i.O.;i.O.;
2907;29;7;12,014;;i.O.;n.i.O.;i.O.;
2908;29;8;12,018;;i.O.;n.i.O.;n.i.O.;(gut Seite passt nicht)
2909;29;9;12,013;;i.O.;n.i.O.;n.i.O.;(gut Seite passt nicht)
2910;29;10;12,018;;i.O.;n.i.O.;i.O.;
2911;29;11;12,014;;i.O.;n.i.O.;i.O.;
2912;29;12;12,017;;i.O.;n.i.O.;i.O.;
2913;29;13;12,017;;i.O.;n.i.O.;i.O.;
2914;29;14;12,013;;i.O.;n.i.O.;i.O.;
2915;29;15;12,016;;i.O.;n.i.O.;i.O.;
2916;29;16;12,015;;i.O.;n.i.O.;i.O.;
2917;29;17;12,013;;i.O.;n.i.O.;i.O.;
2918;29;18;12,017;;i.O.;n.i.O.;i.O.;
2919;29;19;12,017;;i.O.;n.i.O.;i.O.;
2920;29;20;12,014;;i.O.;n.i.O.;i.O.;
2921;29;21;12,018;;i.O.;n.i.O.;i.O.;
2922;29;22;12,013;;i.O.;n.i.O.;i.O.;
2923;29;23;12,015;;i.O.;n.i.O.;i.O.;
2924;29;24;12,015;;i.O.;n.i.O.;i.O.;
2925;29;25;12,014;;i.O.;n.i.O.;i.O.;
2926;29;26;12,017;;i.O.;n.i.O.;i.O.;
2927;29;27;12,014;;i.O.;n.i.O.;i.O.;
2928;29;28;12,017;;i.O.;n.i.O.;i.O.;
2929;29;29;12,014;;i.O.;n.i.O.;i.O.;
2930;29;30;12,016;;i.O.;n.i.O.;i.O.;
2931;29;31;12,014;;i.O.;n.i.O.;i.O.;
2932;29;32;12,014;;i.O.;n.i.O.;i.O.;
2933;29;33;12,013;;i.O.;n.i.O.;i.O.;
2934;29;34;12,014;;i.O.;n.i.O.;i.O.;
2935;29;35;12,013;;i.O.;n.i.O.;i.O.;
2936;29;36;12,015;;i.O.;n.i.O.;i.O.;
2937;29;37;12,015;;i.O.;n.i.O.;i.O.;
2938;29;38;12,013;;i.O.;n.i.O.;i.O.;
2939;29;39;12,017;;i.O.;n.i.O.;i.O.;
2940;29;40;12,017;;i.O.;n.i.O.;i.O.;
2941;29;41;12,015;;i.O.;n.i.O.;i.O.;
2942;29;42;12,012;;i.O.;n.i.O.;i.O.;
2943;29;43;12,014;;i.O.;n.i.O.;i.O.;
2944;29;44;12,012;;i.O.;n.i.O.;i.O.;
2945;29;45;12,015;;i.O.;n.i.O.;i.O.;
2946;29;46;12,017;;i.O.;n.i.O.;i.O.;
2947;29;47;12,015;;i.O.;n.i.O.;i.O.;
2948;29;48;12,016;;i.O.;n.i.O.;i.O.;
2949;29;49;12,015;;i.O.;n.i.O.;i.O.;
2950;29;50;12,014;;i.O.;n.i.O.;i.O.;
2951;29;51;12,015;;i.O.;n.i.O.;i.O.;
2952;29;52;12,013;;i.O.;n.i.O.;i.O.;
2953;29;53;12,012;;i.O.;n.i.O.;i.O.;
2954;29;54;12,012;;i.O.;n.i.O.;i.O.;
2955;29;55;12,013;;i.O.;n.i.O.;i.O.;
2956;29;56;12,016;;i.O.;n.i.O.;i.O.;
2957;29;57;12,016;;i.O.;n.i.O.;i.O.;
2958;29;58;12,014;;i.O.;n.i.O.;i.O.;
2959;29;59;12,015;;i.O.;n.i.O.;i.O.;
2960;29;60;12,013;;i.O.;n.i.O.;i.O.;
2961;29;61;12,015;;i.O.;n.i.O.;i.O.;
2962;29;62;12,018;;i.O.;n.i.O.;i.O.;
2963;29;63;12,014;;i.O.;n.i.O.;i.O.;
2964;29;64;12,015;;i.O.;n.i.O.;i.O.;
2965;29;65;12,013;;i.O.;n.i.O.;i.O.;
2966;29;66;12,017;;i.O.;n.i.O.;i.O.;
2967;29;67;12,014;;i.O.;n.i.O.;i.O.;
2968;29;68;12,022;;n.i.O.;n.i.O.;i.O.;
2969;29;69;12,014;;i.O.;n.i.O.;i.O.;
2970;29;70;12,016;;i.O.;n.i.O.;i.O.;
2971;29;71;12,015;;i.O.;n.i.O.;i.O.;
2972;29;72;12,015;;i.O.;n.i.O.;i.O.;
2973;29;73;12,015;;i.O.;n.i.O.;i.O.;
2974;29;74;12,013;;i.O.;n.i.O.;i.O.;
2975;29;75;12,014;;i.O.;n.i.O.;i.O.;
2976;29;76;12,013;;i.O.;n.i.O.;i.O.;
2977;29;77;12,013;;i.O.;n.i.O.;i.O.;
2978;29;78;12,015;;i.O.;n.i.O.;i.O.;
2979;29;79;12,014;;i.O.;n.i.O.;i.O.;
2980;29;80;12,016;;i.O.;n.i.O.;i.O.;
2981;29;81;12,013;;i.O.;n.i.O.;i.O.;
;;;;;;;;
;;;;;;;;
;;;;;;;;
;;;;;;;;
;;;;;;;;
;;;;;;;;
;;;;;;;;
;;;;;;;;
;;;;;;;;
;;;;;;;;
;;;;;;;;
;;;;;;;;
;;;;;;;;
;;;;;;;;
;;;;;;;;
;;;;;;;;
;;;;;;;;
;;;;;;;;
;;;;;;;;
;;;;;;;;
;;;;;;;;
;;;;;;;;
;;;;;;;;
;;;;;;;;
;;;;;;;;
;;;;;;;;
;;;;;;;;
;;;;;;;;
;;;;;;;;
;;;;;;;;
;;;;;;;;
;;;;;;;;
;;;;;;;;
;;;;;;;;
;;;;;;;;
;;;;;;;;
;;;;;;;;
;;;;;;;;
;;;;;;;;
;;;;;;;;
;;;;;;;;
;;;;;;;;
;;;;;;;;
;;;;;;;;
;;;;;;;;
;;;;;;;;
;;;;;;;;
;;;;;;;;
;;;;;;;;
;;;;;;;;
;;;;;;;;
;;;;;;;;
;;;;;;;;
;;;;;;;;
;;;;;;;;
;;;;;;;;
;;;;;;;;
;;;;;;;;
;;;;;;;;
;;;;;;;;
;;;;;;;;
;;;;;;;;
;;;;;;;;
;;;;;;;;
;;;;;;;;
;;;;;;;;
;;;;;;;;
;;;;;;;;
;;;;;;;;
;;;;;;;;
;;;;;;;;
;;;;;;;;
;;;;;;;;
;;;;;;;;
;;;;;;;;
;;;;;;;;
;;;;;;;;
;;;;;;;;
;;;;;;;;
;;;;;;;;
;;;;;;;;
;;;;;;;;
;;;;;;;;
;;;;;;;;
;;;;;;;;
;;;;;;;;
;;;;;;;;
;;;;;;;;
;;;;;;;;
;;;;;;;;
;;;;;;;;
;;;;;;;;
;;;;;;;;
;;;;;;;;
;;;;;;;;
;;;;;;;;
;;;;;;;;
;;;;;;;;
;;;;;;;;
;;;;;;;;
;;;;;;;;
;;;;;;;;
;;;;;;;;
;;;;;;;;
;;;;;;;;
;;;;;;;;
;;;;;;;;
;;;;;;;;
;;;;;;;;
;;;;;;;;
;;;;;;;;
;;;;;;;;
;;;;;;;;
;;;;;;;;
;;;;;;;;
;;;;;;;;
;;;;;;;;
;;;;;;;;
;;;;;;;;
;;;;;;;;
;;;;;;;;
;;;;;;;;
;;;;;;;;
;;;;;;;;
;;;;;;;;
;;;;;;;;
;;;;;;;;
;;;;;;;;
;;;;;;;;
;;;;;;;;
;;;;;;;;
;;;;;;;;
;;;;;;;;
;;;;;;;;
;;;;;;;;
;;;;;;;;
;;;;;;;;
;;;;;;;;
;;;;;;;;
;;;;;;;;
;;;;;;;;
;;;;;;;;
;;;;;;;;
